Benchmark,dotnetcore-netcore-5,mono-net5-jit,mono-net5-jit-llvm,mono-net5-jit-llvm-preemptive,mono-net5-jit-preemptive
System.Memory.Span<Char>.Clear(Size: 512),1.00,1.36,1.36,1.36,1.38,
System.Memory.Span<Char>.Fill(Size: 512),1.00,1.76,1.70,1.69,1.69,
System.Memory.Span<Char>.Reverse(Size: 512),1.00,2.34,2.33,2.39,2.34,
System.Memory.Span<Char>.ToArray(Size: 512),1.00,7.72,8.17,7.70,7.59,
System.Memory.Span<Char>.SequenceEqual(Size: 512),1.00,7.22,6.72,7.14,6.88,
System.Memory.Span<Char>.SequenceCompareTo(Size: 512),1.00,8.36,8.18,8.03,7.95,
System.Memory.Span<Char>.StartsWith(Size: 512),1.00,6.89,6.76,6.65,6.66,
System.Memory.Span<Char>.EndsWith(Size: 512),1.00,6.92,6.73,6.69,6.63,
System.Memory.Span<Char>.IndexOfValue(Size: 512),1.00,7.81,7.81,8.09,7.84,
System.Memory.Span<Char>.IndexOfAnyTwoValues(Size: 512),1.00,6.71,6.61,6.57,6.60,
System.Memory.Span<Char>.IndexOfAnyThreeValues(Size: 512),1.00,5.88,5.88,5.90,5.89,
System.Memory.Span<Char>.IndexOfAnyFourValues(Size: 512),1.00,5.66,5.68,5.67,5.80,
System.Memory.Span<Char>.LastIndexOfValue(Size: 512),1.00,6.27,6.26,6.50,6.40,
System.Memory.Span<Char>.LastIndexOfAnyValues(Size: 512),1.00,4.27,4.25,4.10,4.10,
System.Memory.Span<Char>.BinarySearch(Size: 512),1.00,5.04,5.03,5.07,5.21,
System.Memory.Span<Char>.GetPinnableReference(Size: 512),SMALL,SMALL,SMALL,SMALL,SMALL,
System.Memory.ReadOnlySpan.StringAsSpan,SMALL,SMALL,SMALL,SMALL,SMALL,
System.Memory.ReadOnlySpan.GetPinnableReference,SMALL,SMALL,SMALL,SMALL,SMALL,
System.Memory.ReadOnlySpan.Trim(input: ""),1.00,1.02,1.03,1.02,1.02,
System.Memory.ReadOnlySpan.Trim(input: " abcdefg "),1.00,4.49,4.56,4.69,4.56,
System.Memory.ReadOnlySpan.IndexOfString(input: "5555555555"; value: "5"; comparisonType: InvariantC...,1.00,1.65,1.67,1.67,1.65,
System.Memory.ReadOnlySpan.IndexOfString(input: "ABCDE"; value: "c"; comparisonType: InvariantCultur...,1.00,2.47,2.42,2.42,2.48,
System.Memory.ReadOnlySpan.IndexOfString(input: "Hello Worldbbbbbbbbbbbbbbbbbbbbbbbbbbbbbbbbareallyr...,1.00,2.83,3.21,3.18,2.80,
System.Memory.ReadOnlySpan.IndexOfString(input: "Hello Worldbbbbbbbbbbbbbbbbbbbbbbbbbbbbbbbbbareally...,1.00,4.15,4.17,4.22,4.12,
System.Memory.ReadOnlySpan.IndexOfString(input: "Hello Worldbbbbbbbbbbbbbbcbbbbbbbbbbbbbbbbbbba!"; v...,1.00,2.49,2.52,2.48,2.48,
System.Memory.ReadOnlySpan.IndexOfString(input: "More Test's"; value: "Tests"; comparisonType: Ordin...,1.00,2.51,2.81,2.83,2.47,
System.Memory.ReadOnlySpan.IndexOfString(input: "StrIng"; value: "string"; comparisonType: OrdinalIg...,1.00,3.93,4.53,4.65,3.91,
System.Memory.ReadOnlySpan.IndexOfString(input: "XXXXXXXXXXXXXXXXXXXXXXXXXXXXXXXXXXXXXXXXXXXXXXXXXXX...,1.00,1.66,1.68,1.68,1.66,
System.Memory.ReadOnlySpan.IndexOfString(input: "XXXXXXXXXXXXXXXXXXXXXXXXXXXXXXXXXXXXXXXXXXXXXXXXXXX...,1.00,5.21,6.06,6.04,5.02,
System.Memory.ReadOnlySpan.IndexOfString(input: "XXXXXXXXXXXXXXXXXXXXXXXXXXXXXXXXXXXXXXXXXXXXXXXXXXX...,1.00,1.63,1.67,1.67,1.63,
System.Memory.ReadOnlySpan.Trim(input: "abcdefg"),1.00,2.79,2.78,2.85,2.92,
System.Memory.ReadOnlySpan.IndexOfString(input: "foobardzsdzs"; value: "rddzs"; comparisonType: Inva...,1.00,4.60,4.67,4.61,4.53,
System.Memory.ReadOnlySpan.IndexOfString(input: "string1"; value: "string2"; comparisonType: Invaria...,1.00,4.45,4.51,4.33,4.35,
System.Memory.ReadOnlySpan.IndexOfString(input: "xxxxxxxxxxxxxxxxxxxxxxxxxxxxxxxxxxxxxxxxxxxxxxxxxxx...,1.00,1.66,1.59,1.59,1.64,
System.Memory.ReadOnlySpan.IndexOfString(input: "すすすすすすすすすすすすすすすすすすすすすすすすすすすすすすすすすすすすすすすすすすすすすすすすすすす...,1.00,1.64,1.70,1.59,1.58,
System.Memory.ReadOnlySpan.IndexOfString(input: "だ"; value: "た"; comparisonType: InvariantCulture),1.00,1.07,1.08,1.06,1.05,
System.Globalization.Tests.StringSearch.IsPrefix_FirstHalf(Options: (; IgnoreCase; False)),1.00,13.69,13.70,13.73,13.70,
System.Globalization.Tests.StringSearch.IsPrefix_DifferentFirstChar(Options: (; IgnoreCase; False)),1.00,3.69,3.76,3.69,3.69,
System.Globalization.Tests.StringSearch.IsSuffix_SecondHalf(Options: (; IgnoreCase; False)),1.00,11.39,11.40,11.47,11.42,
System.Globalization.Tests.StringSearch.IsSuffix_DifferentLastChar(Options: (; IgnoreCase; False)),1.00,3.17,3.05,3.05,3.05,
System.Globalization.Tests.StringSearch.IndexOf_Word_NotFound(Options: (; IgnoreCase; False)),1.00,7.64,7.92,7.90,7.88,
System.Globalization.Tests.StringSearch.LastIndexOf_Word_NotFound(Options: (; IgnoreCase; False)),1.00,7.21,7.37,7.36,7.45,
System.Globalization.Tests.StringSearch.IsPrefix_FirstHalf(Options: (; IgnoreCase; True)),1.00,6.75,6.82,7.05,7.34,
System.Globalization.Tests.StringSearch.IsPrefix_DifferentFirstChar(Options: (; IgnoreCase; True)),1.00,92.14,96.62,91.57,90.55,
System.Globalization.Tests.StringSearch.IsSuffix_SecondHalf(Options: (; IgnoreCase; True)),1.00,1.04,1.02,1.09,1.06,
System.Globalization.Tests.StringSearch.IsSuffix_DifferentLastChar(Options: (; IgnoreCase; True)),1.00,1.04,1.04,1.04,1.03,
System.Globalization.Tests.StringSearch.IndexOf_Word_NotFound(Options: (; IgnoreCase; True)),1.00,1.03,1.04,1.04,1.01,
System.Globalization.Tests.StringSearch.LastIndexOf_Word_NotFound(Options: (; IgnoreCase; True)),1.00,1.19,1.22,1.19,1.19,
System.Globalization.Tests.StringSearch.IsPrefix_FirstHalf(Options: (; None; False)),1.00,13.88,13.45,13.46,13.85,
System.Globalization.Tests.StringSearch.IsPrefix_DifferentFirstChar(Options: (; None; False)),1.00,3.70,3.76,3.71,3.70,
System.Globalization.Tests.StringSearch.IsSuffix_SecondHalf(Options: (; None; False)),1.00,13.72,13.33,13.35,13.39,
System.Globalization.Tests.StringSearch.IsSuffix_DifferentLastChar(Options: (; None; False)),1.00,3.18,3.19,3.19,3.18,
System.Globalization.Tests.StringSearch.IndexOf_Word_NotFound(Options: (; None; False)),1.00,7.64,7.95,8.02,7.67,
System.Globalization.Tests.StringSearch.LastIndexOf_Word_NotFound(Options: (; None; False)),1.00,8.44,8.83,8.83,8.26,
System.Globalization.Tests.StringSearch.IsPrefix_FirstHalf(Options: (; None; True)),1.00,6.85,7.17,7.24,6.87,
System.Globalization.Tests.StringSearch.IsPrefix_DifferentFirstChar(Options: (; None; True)),1.00,93.44,93.42,93.72,93.72,
System.Globalization.Tests.StringSearch.IsSuffix_SecondHalf(Options: (; None; True)),1.00,1.00,1.02,1.00,1.00,
System.Globalization.Tests.StringSearch.IsSuffix_DifferentLastChar(Options: (; None; True)),1.00,1.07,0.99,1.00,0.99,
System.Globalization.Tests.StringSearch.IndexOf_Word_NotFound(Options: (; None; True)),1.00,1.00,1.03,1.04,1.01,
System.Globalization.Tests.StringSearch.LastIndexOf_Word_NotFound(Options: (; None; True)),1.00,1.17,1.16,1.16,1.20,
System.Globalization.Tests.StringSearch.IsPrefix_FirstHalf(Options: (en-US; IgnoreCase; False)),1.00,13.67,14.34,14.40,13.67,
System.Globalization.Tests.StringSearch.IsPrefix_DifferentFirstChar(Options: (en-US; IgnoreCase; Fal...,1.00,3.69,3.69,3.69,3.76,
System.Globalization.Tests.StringSearch.IsSuffix_SecondHalf(Options: (en-US; IgnoreCase; False)),1.00,11.72,12.13,11.77,11.72,
System.Globalization.Tests.StringSearch.IsSuffix_DifferentLastChar(Options: (en-US; IgnoreCase; Fals...,1.00,3.24,3.21,3.21,3.22,
System.Globalization.Tests.StringSearch.IndexOf_Word_NotFound(Options: (en-US; IgnoreCase; False)),1.00,7.73,8.01,7.99,7.75,
System.Globalization.Tests.StringSearch.LastIndexOf_Word_NotFound(Options: (en-US; IgnoreCase; False...,1.00,7.16,7.32,7.32,7.20,
System.Globalization.Tests.StringSearch.IsPrefix_FirstHalf(Options: (en-US; IgnoreCase; True)),1.00,6.54,6.56,6.52,6.51,
System.Globalization.Tests.StringSearch.IsPrefix_DifferentFirstChar(Options: (en-US; IgnoreCase; Tru...,1.00,89.20,88.30,88.73,88.45,
System.Globalization.Tests.StringSearch.IsSuffix_SecondHalf(Options: (en-US; IgnoreCase; True)),1.00,1.07,1.07,1.02,1.05,
System.Globalization.Tests.StringSearch.IsSuffix_DifferentLastChar(Options: (en-US; IgnoreCase; True...,1.00,0.99,1.01,1.00,0.99,
System.Globalization.Tests.StringSearch.IndexOf_Word_NotFound(Options: (en-US; IgnoreCase; True)),1.00,1.04,1.05,1.08,1.04,
System.Globalization.Tests.StringSearch.LastIndexOf_Word_NotFound(Options: (en-US; IgnoreCase; True)...,1.00,1.19,1.16,1.16,1.19,
System.Globalization.Tests.StringSearch.IsPrefix_FirstHalf(Options: (en-US; IgnoreNonSpace; False)),1.00,13.16,13.12,13.40,13.16,
System.Globalization.Tests.StringSearch.IsPrefix_DifferentFirstChar(Options: (en-US; IgnoreNonSpace;...,1.00,3.81,3.65,3.66,3.74,
System.Globalization.Tests.StringSearch.IsSuffix_SecondHalf(Options: (en-US; IgnoreNonSpace; False)),1.00,13.32,13.58,13.35,13.31,
System.Globalization.Tests.StringSearch.IsSuffix_DifferentLastChar(Options: (en-US; IgnoreNonSpace; ...,1.00,3.23,3.18,3.17,3.17,
System.Globalization.Tests.StringSearch.IndexOf_Word_NotFound(Options: (en-US; IgnoreNonSpace; False...,1.00,7.84,7.99,7.98,7.52,
System.Globalization.Tests.StringSearch.LastIndexOf_Word_NotFound(Options: (en-US; IgnoreNonSpace; F...,1.00,8.45,8.86,9.29,8.35,
System.Globalization.Tests.StringSearch.IsPrefix_FirstHalf(Options: (en-US; IgnoreSymbols; False)),1.00,1.06,1.03,1.01,1.01,
System.Globalization.Tests.StringSearch.IsPrefix_DifferentFirstChar(Options: (en-US; IgnoreSymbols; ...,1.00,1.00,1.04,1.01,0.99,
System.Globalization.Tests.StringSearch.IsSuffix_SecondHalf(Options: (en-US; IgnoreSymbols; False)),1.00,1.02,1.02,1.01,1.02,
System.Globalization.Tests.StringSearch.IsSuffix_DifferentLastChar(Options: (en-US; IgnoreSymbols; F...,1.00,1.08,1.02,1.06,1.01,
System.Globalization.Tests.StringSearch.IndexOf_Word_NotFound(Options: (en-US; IgnoreSymbols; False)...,1.00,1.03,1.03,1.01,1.01,
System.Globalization.Tests.StringSearch.LastIndexOf_Word_NotFound(Options: (en-US; IgnoreSymbols; Fa...,1.00,0.99,0.96,0.98,0.95,
System.Globalization.Tests.StringSearch.IsPrefix_FirstHalf(Options: (en-US; None; False)),1.00,13.41,13.27,13.27,14.28,
System.Globalization.Tests.StringSearch.IsPrefix_DifferentFirstChar(Options: (en-US; None; False)),1.00,3.71,3.59,3.59,3.57,
System.Globalization.Tests.StringSearch.IsSuffix_SecondHalf(Options: (en-US; None; False)),1.00,13.28,13.31,13.29,13.27,
System.Globalization.Tests.StringSearch.IsSuffix_DifferentLastChar(Options: (en-US; None; False)),1.00,3.18,3.27,3.19,3.26,
System.Globalization.Tests.StringSearch.IndexOf_Word_NotFound(Options: (en-US; None; False)),1.00,7.62,7.96,7.94,7.62,
System.Globalization.Tests.StringSearch.LastIndexOf_Word_NotFound(Options: (en-US; None; False)),1.00,8.76,8.82,8.81,8.44,
System.Globalization.Tests.StringSearch.IsPrefix_FirstHalf(Options: (en-US; None; True)),1.00,7.14,7.19,7.11,7.20,
System.Globalization.Tests.StringSearch.IsPrefix_DifferentFirstChar(Options: (en-US; None; True)),1.00,100.76,99.86,101.07,99.26,
System.Globalization.Tests.StringSearch.IsSuffix_SecondHalf(Options: (en-US; None; True)),1.00,1.01,1.01,1.02,1.01,
System.Globalization.Tests.StringSearch.IsSuffix_DifferentLastChar(Options: (en-US; None; True)),1.00,1.06,1.00,1.02,1.00,
System.Globalization.Tests.StringSearch.IndexOf_Word_NotFound(Options: (en-US; None; True)),1.00,1.02,1.04,1.08,1.03,
System.Globalization.Tests.StringSearch.LastIndexOf_Word_NotFound(Options: (en-US; None; True)),1.00,1.21,1.17,1.19,1.22,
System.Globalization.Tests.StringSearch.IsPrefix_FirstHalf(Options: (en-US; Ordinal; False)),1.00,3.40,3.50,3.43,3.40,
System.Globalization.Tests.StringSearch.IsPrefix_DifferentFirstChar(Options: (en-US; Ordinal; False)...,1.00,1.44,1.47,1.42,1.43,
System.Globalization.Tests.StringSearch.IsSuffix_SecondHalf(Options: (en-US; Ordinal; False)),1.00,3.83,3.72,3.67,3.69,
System.Globalization.Tests.StringSearch.IsSuffix_DifferentLastChar(Options: (en-US; Ordinal; False)),1.00,5.33,5.28,5.09,5.31,
System.Globalization.Tests.StringSearch.IndexOf_Word_NotFound(Options: (en-US; Ordinal; False)),1.00,4.02,4.07,4.30,3.98,
System.Globalization.Tests.StringSearch.LastIndexOf_Word_NotFound(Options: (en-US; Ordinal; False)),1.00,2.94,2.91,2.87,2.99,
System.Globalization.Tests.StringSearch.IsPrefix_FirstHalf(Options: (en-US; OrdinalIgnoreCase; False...,1.00,2.37,2.37,2.35,2.36,
System.Globalization.Tests.StringSearch.IsPrefix_DifferentFirstChar(Options: (en-US; OrdinalIgnoreCa...,1.00,1.93,1.93,1.94,2.07,
System.Globalization.Tests.StringSearch.IsSuffix_SecondHalf(Options: (en-US; OrdinalIgnoreCase; Fals...,1.00,2.57,2.68,2.61,2.55,
System.Globalization.Tests.StringSearch.IsSuffix_DifferentLastChar(Options: (en-US; OrdinalIgnoreCas...,1.00,2.81,3.18,3.03,2.93,
System.Globalization.Tests.StringSearch.IndexOf_Word_NotFound(Options: (en-US; OrdinalIgnoreCase; Fa...,1.00,1.13,1.11,1.14,1.09,
System.Globalization.Tests.StringSearch.LastIndexOf_Word_NotFound(Options: (en-US; OrdinalIgnoreCase...,1.00,1.08,1.13,1.08,1.07,
System.Globalization.Tests.StringSearch.IsPrefix_FirstHalf(Options: (pl-PL; None; False)),1.00,4.99,4.92,5.08,4.95,
System.Globalization.Tests.StringSearch.IsPrefix_DifferentFirstChar(Options: (pl-PL; None; False)),1.00,122.07,121.16,117.30,120.23,
System.Globalization.Tests.StringSearch.IsSuffix_SecondHalf(Options: (pl-PL; None; False)),1.00,1.00,1.01,1.01,1.05,
System.Globalization.Tests.StringSearch.IsSuffix_DifferentLastChar(Options: (pl-PL; None; False)),1.00,1.01,1.05,1.01,1.01,
System.Globalization.Tests.StringSearch.IndexOf_Word_NotFound(Options: (pl-PL; None; False)),1.00,1.01,1.02,1.03,1.04,
System.Globalization.Tests.StringSearch.LastIndexOf_Word_NotFound(Options: (pl-PL; None; False)),1.00,0.98,0.98,0.98,0.99,
SeekUnroll.Test(boxedIndex: 1),1.00,3.61,3.66,3.74,3.72,
SeekUnroll.Test(boxedIndex: 3),1.00,3.69,3.80,3.66,3.60,
SeekUnroll.Test(boxedIndex: 11),1.00,4.59,4.86,4.97,4.65,
SeekUnroll.Test(boxedIndex: 19),1.00,2.97,2.98,3.03,2.90,
SeekUnroll.Test(boxedIndex: 27),1.00,2.23,2.22,2.23,2.24,
Benchstone.BenchI.QuickSort.Test,1.00,1.18,1.20,1.18,1.20,
MicroBenchmarks.Serializers.Xml_FromStream<SimpleStructWithProperties>.XmlSerializer_,1.00,4.12,4.01,3.95,4.11,
Burgers.Test0,1.00,5.29,5.52,5.43,5.53,
Burgers.Test1,1.00,7.09,7.06,7.04,7.05,
Burgers.Test2,1.00,1.65,1.66,1.69,1.68,
Burgers.Test3,1.00,4.22,4.22,4.36,4.22,
MicroBenchmarks.Serializers.Xml_ToStream<CollectionsOfPrimitives>.XmlSerializer_,1.00,3.66,3.52,3.88,3.89,
System.Collections.ContainsFalse<String>.ICollection(Size: 512),1.00,2.34,2.43,2.54,2.38,
BenchmarksGame.BinaryTrees_5.RunBench,1.00,5.01,5.05,5.02,4.97,
SIMD.RayTracerBench.Bench,1.00,3.71,3.71,3.81,3.79,
MicroBenchmarks.Serializers.Json_FromString<IndexViewModel>.JsonNet_,1.00,1.98,1.88,1.96,2.02,
GuardedDevirtualization.TwoClassInterface.Call(testInput: pB = 0.00),SMALL,SMALL,SMALL,SMALL,SMALL,
GuardedDevirtualization.TwoClassInterface.Call(testInput: pB = 0.10),SMALL,SMALL,SMALL,SMALL,SMALL,
GuardedDevirtualization.TwoClassInterface.Call(testInput: pB = 0.20),1.00,0.85,0.78,0.79,0.80,
GuardedDevirtualization.TwoClassInterface.Call(testInput: pB = 0.30),1.00,0.87,0.81,0.85,0.81,
GuardedDevirtualization.TwoClassInterface.Call(testInput: pB = 0.40),1.00,0.81,0.83,0.81,0.83,
GuardedDevirtualization.TwoClassInterface.Call(testInput: pB = 0.50),1.00,0.88,0.82,0.87,0.84,
GuardedDevirtualization.TwoClassInterface.Call(testInput: pB = 0.60),1.00,0.88,0.84,0.86,0.91,
GuardedDevirtualization.TwoClassInterface.Call(testInput: pB = 0.70),1.00,0.82,0.83,0.82,0.82,
GuardedDevirtualization.TwoClassInterface.Call(testInput: pB = 0.80),1.00,0.88,0.80,0.80,0.85,
GuardedDevirtualization.TwoClassInterface.Call(testInput: pB = 0.90),SMALL,SMALL,SMALL,SMALL,SMALL,
GuardedDevirtualization.TwoClassInterface.Call(testInput: pB = 1.00),SMALL,SMALL,SMALL,SMALL,SMALL,
Benchstone.BenchF.Bisect.Test,1.00,2.06,2.08,2.10,2.16,
PerfLabTests.StackWalk.Walk,1.00,2.30,2.61,2.35,2.62,
Benchstone.BenchF.Regula.Test,1.00,1.58,1.58,1.58,1.61,
System.Collections.IterateForEach<Int32>.IEnumerable(Size: 512),1.00,1.38,1.51,1.53,1.39,
System.Memory.Memory<Byte>.Pin(Size: 512),1.00,7.54,7.23,7.29,7.71,
System.Memory.Memory<Byte>.ToArray(Size: 512),1.00,6.82,6.67,6.72,6.59,
BenchmarksGame.ReverseComplement_6.RunBench,1.00,0.88,0.90,0.88,0.90,
BenchmarksGame.NBody_3.RunBench,1.00,2.04,2.04,2.04,2.04,
MicroBenchmarks.Serializers.Json_FromString<LoginViewModel>.JsonNet_,1.00,2.12,2.05,2.10,2.22,
Layout.SearchLoops.LoopReturn,1.00,1.94,1.98,2.06,2.06,
Layout.SearchLoops.LoopGoto,1.00,1.69,1.68,1.68,1.61,
GuardedDevirtualization.ThreeClassInterface.Call(testInput: pB=0.00 pD=0.00),SMALL,SMALL,SMALL,SMALL,SMALL,
GuardedDevirtualization.ThreeClassInterface.Call(testInput: pB=0.00 pD=0.33),1.00,0.82,0.82,0.83,0.82,
GuardedDevirtualization.ThreeClassInterface.Call(testInput: pB=0.00 pD=0.67),1.00,0.84,0.84,0.85,0.84,
GuardedDevirtualization.ThreeClassInterface.Call(testInput: pB=0.00 pD=1.00),SMALL,SMALL,SMALL,SMALL,SMALL,
GuardedDevirtualization.ThreeClassInterface.Call(testInput: pB=0.33 pD=0.00),1.00,0.84,0.83,0.91,0.85,
GuardedDevirtualization.ThreeClassInterface.Call(testInput: pB=0.33 pD=0.33),1.00,0.83,0.83,0.85,0.83,
GuardedDevirtualization.ThreeClassInterface.Call(testInput: pB=0.33 pD=0.67),1.00,0.88,0.85,0.82,0.86,
GuardedDevirtualization.ThreeClassInterface.Call(testInput: pB=0.67 pD=0.00),1.00,0.81,0.80,0.84,0.81,
GuardedDevirtualization.ThreeClassInterface.Call(testInput: pB=0.67 pD=0.33),1.00,0.85,0.88,0.83,0.87,
GuardedDevirtualization.ThreeClassInterface.Call(testInput: pB=1.00 pD=0.00),SMALL,SMALL,SMALL,SMALL,SMALL,
CscBench.CompileTest,1.00,2.15,1.97,1.99,2.45,
CscBench.DatflowTest,1.00,2.56,2.61,2.50,2.48,
System.Memory.Constructors<Byte>.SpanFromArray,1.00,2.74,2.63,2.83,2.64,
System.Memory.Constructors<Byte>.ReadOnlySpanFromArray,1.00,2.59,2.52,2.48,2.48,
System.Memory.Constructors<Byte>.SpanFromArrayStartLength,1.00,2.77,2.78,2.80,2.83,
System.Memory.Constructors<Byte>.ReadOnlySpanFromArrayStartLength,1.00,2.63,2.57,2.63,2.56,
System.Memory.Constructors<Byte>.SpanFromMemory,1.00,2.56,2.56,2.63,2.54,
System.Memory.Constructors<Byte>.ReadOnlySpanFromMemory,1.00,2.54,2.53,2.51,2.52,
System.Memory.Constructors<Byte>.SpanImplicitCastFromArray,SMALL,SMALL,SMALL,SMALL,SMALL,
System.Memory.Constructors<Byte>.ReadOnlySpanImplicitCastFromArray,1.00,2.48,2.50,2.51,2.53,
System.Memory.Constructors<Byte>.SpanImplicitCastFromArraySegment,1.00,2.62,2.65,2.66,2.62,
System.Memory.Constructors<Byte>.ReadOnlySpanImplicitCastFromArraySegment,1.00,2.50,2.51,2.58,2.66,
System.Memory.Constructors<Byte>.ReadOnlySpanImplicitCastFromSpan,SMALL,SMALL,SMALL,SMALL,SMALL,
System.Memory.Constructors<Byte>.MemoryFromArray,1.00,2.65,2.51,2.55,2.53,
System.Memory.Constructors<Byte>.ReadOnlyMemoryFromArray,1.00,2.40,2.38,2.41,2.46,
System.Memory.Constructors<Byte>.MemoryFromArrayStartLength,1.00,2.73,2.87,2.85,2.77,
System.Memory.Constructors<Byte>.ReadOnlyMemoryFromArrayStartLength,1.00,2.46,2.48,2.60,2.63,
System.Memory.Constructors<Byte>.ArrayAsSpan,1.00,2.93,2.76,2.78,2.79,
System.Memory.Constructors<Byte>.ArrayAsSpanStartLength,SMALL,SMALL,SMALL,SMALL,SMALL,
System.Memory.Constructors<Byte>.ArrayAsMemory,1.00,3.13,3.19,3.41,3.10,
System.Memory.Constructors<Byte>.ArrayAsMemoryStartLength,1.00,3.34,3.34,3.35,3.44,
System.Memory.Constructors<Byte>.MemoryMarshalCreateSpan,SMALL,SMALL,SMALL,SMALL,SMALL,
System.Memory.Constructors<Byte>.MemoryMarshalCreateReadOnlySpan,SMALL,SMALL,SMALL,SMALL,SMALL,
MicroBenchmarks.Serializers.Xml_FromStream<MyEventsListerViewModel>.XmlSerializer_,1.00,9.44,9.28,9.30,9.58,
Benchstone.BenchF.Lorenz.Test,1.00,1.39,1.39,1.39,1.41,
MicroBenchmarks.Serializers.Json_ToStream<LoginViewModel>.JsonNet_,1.00,10.08,9.81,10.63,10.01,
MicroBenchmarks.Serializers.Json_ToStream<LoginViewModel>.DataContractJsonSerializer_,1.00,8.97,7.61,7.69,9.08,
System.Collections.CreateAddAndClear<String>.Array(Size: 512),1.00,2.33,2.32,2.34,2.39,
System.Collections.CreateAddAndClear<String>.Span(Size: 512),1.00,1.09,1.21,1.16,1.15,
System.Collections.CreateAddAndClear<String>.ICollection(Size: 512),1.00,2.48,2.32,2.37,2.40,
System.Collections.CreateAddAndClear<String>.IDictionary(Size: 512),1.00,3.16,3.14,3.05,3.08,
System.Collections.ContainsKeyFalse<Int32; Int32>.IDictionary(Size: 512),1.00,2.69,2.59,2.73,2.68,
MicroBenchmarks.Serializers.Xml_ToStream<IndexViewModel>.XmlSerializer_,1.00,4.57,4.24,4.18,4.84,
MicroBenchmarks.Serializers.Xml_FromStream<IndexViewModel>.XmlSerializer_,1.00,7.97,7.70,7.73,8.10,
MicroBenchmarks.Serializers.Json_ToStream<IndexViewModel>.JsonNet_,1.00,4.67,4.09,4.27,4.71,
MicroBenchmarks.Serializers.Json_ToStream<IndexViewModel>.DataContractJsonSerializer_,1.00,3.80,2.49,2.35,3.62,
System.Collections.Sort<String>.Array(Size: 512),1.00,3.19,3.72,3.87,3.28,
System.Collections.Sort<String>.Array_ComparerClass(Size: 512),1.00,3.19,3.69,3.85,3.16,
System.Collections.Sort<String>.Array_ComparerStruct(Size: 512),1.00,3.44,3.71,4.01,3.37,
System.Collections.Sort<String>.Array_Comparison(Size: 512),1.00,2.50,2.98,2.92,2.49,
System.Collections.Sort<String>.List(Size: 512),1.00,3.28,3.86,3.81,3.37,
System.Collections.Sort<String>.LinqQuery(Size: 512),1.00,3.22,3.68,3.67,3.21,
System.Collections.Sort<String>.LinqOrderByExtension(Size: 512),1.00,2.98,3.27,3.42,2.91,
Benchstone.BenchI.AddArray.Test,1.00,3.56,3.86,3.78,3.71,
Benchstone.BenchI.AddArray2.Test,1.00,2.35,2.26,2.30,2.26,
System.Collections.Sort<IntClass>.Array(Size: 512),1.00,1.91,1.95,2.03,2.02,
System.Collections.Sort<IntClass>.Array_ComparerClass(Size: 512),1.00,1.84,1.84,1.81,1.89,
System.Collections.Sort<IntClass>.Array_ComparerStruct(Size: 512),1.00,1.74,1.79,1.78,1.74,
System.Collections.Sort<IntClass>.Array_Comparison(Size: 512),1.00,1.67,1.64,1.64,1.71,
System.Collections.Sort<IntClass>.List(Size: 512),1.00,1.97,2.07,2.04,1.98,
System.Collections.Sort<IntClass>.LinqQuery(Size: 512),1.00,1.46,1.47,1.47,1.51,
System.Collections.Sort<IntClass>.LinqOrderByExtension(Size: 512),1.00,1.52,1.52,1.52,1.51,
BenchmarksGame.SpectralNorm_3.RunBench,1.00,0.73,0.74,0.75,0.73,
Benchstone.BenchF.NewtR.Test,1.00,2.15,2.03,2.08,1.99,
System.Collections.IndexerSetReverse<Int32>.Array(Size: 512),1.00,1.97,1.97,1.98,1.98,
System.Collections.IndexerSetReverse<Int32>.Span(Size: 512),1.00,1.96,1.93,1.93,1.93,
System.Collections.IndexerSetReverse<Int32>.List(Size: 512),1.00,2.76,2.69,3.11,3.30,
System.Collections.IndexerSetReverse<Int32>.IList(Size: 512),1.00,1.89,1.79,2.09,1.76,
MicroBenchmarks.Serializers.Xml_FromStream<LoginViewModel>.XmlSerializer_,1.00,3.56,3.34,3.39,3.73,
MicroBenchmarks.Serializers.Xml_ToStream<LoginViewModel>.XmlSerializer_,1.00,4.69,4.33,4.44,4.86,
SIMD.ConsoleMandel.VectorFloatSinglethreadRaw,1.00,2.15,2.16,2.21,2.22,
SIMD.ConsoleMandel.VectorFloatSinglethreadADT,1.00,9.53,9.31,9.31,9.52,
SIMD.ConsoleMandel.VectorDoubleSinglethreadRaw,1.00,2.31,2.36,2.38,2.28,
SIMD.ConsoleMandel.VectorDoubleSinglethreadADT,1.00,9.70,9.70,9.70,9.83,
BenchmarksGame.KNucleotide_9.RunBench,1.00,4.87,4.83,4.95,4.81,
Benchstone.BenchI.BenchE.Test,1.00,2.02,1.95,2.00,2.05,
Inlining.NoThrowInline.Test,SMALL,SMALL,SMALL,SMALL,SMALL,
BenchmarksGame.Fasta_1.RunBench,1.00,3.53,3.68,3.51,3.70,
Benchstone.BenchI.Array2.Test,1.00,2.44,2.51,2.50,2.47,
System.Collections.IndexerSet<String>.Array(Size: 512),1.00,7.95,5.49,5.54,8.10,
System.Collections.IndexerSet<String>.Span(Size: 512),1.00,2.01,2.07,1.93,1.95,
System.Collections.IndexerSet<String>.List(Size: 512),1.00,7.87,7.46,7.74,8.07,
System.Collections.IndexerSet<String>.IList(Size: 512),1.00,0.96,0.90,0.90,0.84,
System.Collections.IndexerSet<String>.Dictionary(Size: 512),1.00,1.90,1.88,1.96,1.97,
System.Collections.IndexerSet<String>.SortedList(Size: 512),1.00,2.88,3.39,3.35,2.86,
System.Collections.IndexerSet<String>.SortedDictionary(Size: 512),1.00,2.81,3.24,3.12,2.85,
System.Collections.IndexerSet<String>.ConcurrentDictionary(Size: 512),1.00,2.20,2.25,2.20,2.27,
System.Collections.CopyTo<Int32>.Array(Size: 2048),1.00,18.27,18.83,18.23,18.62,
System.Collections.CopyTo<Int32>.Span(Size: 2048),1.00,18.64,18.68,18.52,20.66,
System.Collections.CopyTo<Int32>.ReadOnlySpan(Size: 2048),1.00,19.79,18.58,19.09,18.52,
System.Collections.CopyTo<Int32>.Memory(Size: 2048),1.00,17.86,18.95,18.77,17.79,
System.Collections.CopyTo<Int32>.ReadOnlyMemory(Size: 2048),1.00,17.45,17.58,18.73,17.50,
System.Collections.CopyTo<Int32>.List(Size: 2048),1.00,15.66,15.61,15.66,17.66,
System.Collections.CopyTo<Int32>.ImmutableArray(Size: 2048),1.00,9.71,9.73,10.00,9.75,
BenchmarksGame.FannkuchRedux_5.RunBench(n: 10; expectedSum: 38),1.00,0.81,0.82,0.81,0.81,
MicroBenchmarks.Serializers.Json_FromStream<MyEventsListerViewModel>.JsonNet_,1.00,2.59,2.37,2.53,2.68,
MicroBenchmarks.Serializers.Json_FromStream<MyEventsListerViewModel>.DataContractJsonSerializer_,1.00,6.14,2.80,2.72,6.16,
MicroBenchmarks.Serializers.Json_FromString<MyEventsListerViewModel>.JsonNet_,1.00,1.89,1.80,1.88,1.89,
Lowering.InstructionReplacement.TESTtoBT,SMALL,SMALL,SMALL,SMALL,SMALL,
System.Collections.CreateAddAndClear<Int32>.Array(Size: 512),1.00,3.53,3.56,3.41,3.39,
System.Collections.CreateAddAndClear<Int32>.Span(Size: 512),1.00,1.44,1.44,1.44,1.44,
System.Collections.CreateAddAndClear<Int32>.ICollection(Size: 512),1.00,2.52,2.54,2.60,2.52,
System.Collections.CreateAddAndClear<Int32>.IDictionary(Size: 512),1.00,3.48,3.53,3.57,3.60,
MicroBenchmarks.Serializers.Json_ToStream<MyEventsListerViewModel>.JsonNet_,1.00,2.95,2.58,2.84,2.92,
MicroBenchmarks.Serializers.Json_ToStream<MyEventsListerViewModel>.DataContractJsonSerializer_,1.00,4.15,2.39,2.35,3.91,
MicroBenchmarks.Serializers.Json_FromStream<Location>.JsonNet_,1.00,3.06,2.60,2.54,3.09,
MicroBenchmarks.Serializers.Json_FromStream<Location>.DataContractJsonSerializer_,1.00,4.78,2.23,2.38,4.65,
MicroBenchmarks.Serializers.Json_ToString<MyEventsListerViewModel>.JsonNet_,1.00,1.83,1.80,1.89,1.93,
Benchstone.BenchI.XposMatrix.Test,1.00,2.17,2.19,2.14,2.32,
System.Memory.Constructors<String>.SpanFromArray,1.00,1.22,1.22,1.28,1.21,
System.Memory.Constructors<String>.ReadOnlySpanFromArray,1.00,2.29,2.27,2.35,2.33,
System.Memory.Constructors<String>.SpanFromArrayStartLength,1.00,1.26,1.26,1.28,1.29,
System.Memory.Constructors<String>.ReadOnlySpanFromArrayStartLength,1.00,2.31,2.28,2.28,2.31,
System.Memory.Constructors<String>.SpanFromMemory,1.00,2.50,2.51,2.50,2.49,
System.Memory.Constructors<String>.ReadOnlySpanFromMemory,1.00,2.71,2.79,2.75,2.79,
System.Memory.Constructors<String>.SpanImplicitCastFromArray,1.00,1.35,1.43,1.42,1.46,
System.Memory.Constructors<String>.ReadOnlySpanImplicitCastFromArray,1.00,2.79,2.54,2.52,2.89,
System.Memory.Constructors<String>.SpanImplicitCastFromArraySegment,1.00,1.82,1.78,1.89,1.84,
System.Memory.Constructors<String>.ReadOnlySpanImplicitCastFromArraySegment,1.00,2.58,2.72,2.62,2.69,
System.Memory.Constructors<String>.ReadOnlySpanImplicitCastFromSpan,1.00,0.77,0.78,0.78,0.77,
System.Memory.Constructors<String>.MemoryFromArray,1.00,1.15,1.10,1.16,1.09,
System.Memory.Constructors<String>.ReadOnlyMemoryFromArray,1.00,2.62,2.73,2.66,2.68,
System.Memory.Constructors<String>.MemoryFromArrayStartLength,1.00,1.12,1.12,1.12,1.17,
System.Memory.Constructors<String>.ReadOnlyMemoryFromArrayStartLength,1.00,2.82,2.96,2.82,2.81,
System.Memory.Constructors<String>.ArrayAsSpan,1.00,1.30,1.27,1.29,1.32,
System.Memory.Constructors<String>.ArrayAsSpanStartLength,1.00,1.34,1.38,1.34,1.32,
System.Memory.Constructors<String>.ArrayAsMemory,1.00,1.16,1.10,1.16,1.11,
System.Memory.Constructors<String>.ArrayAsMemoryStartLength,1.00,1.26,1.19,1.21,1.17,
System.Memory.Constructors<String>.MemoryMarshalCreateSpan,1.00,2.52,2.42,2.41,2.43,
System.Memory.Constructors<String>.MemoryMarshalCreateReadOnlySpan,1.00,2.60,2.64,2.78,2.67,
System.Memory.Constructors_ValueTypesOnly<Int32>.SpanFromPointerLength,SMALL,SMALL,SMALL,SMALL,SMALL,
System.Memory.Constructors_ValueTypesOnly<Int32>.ReadOnlyFromPointerLength,1.00,2.70,2.73,2.68,2.70,
Benchstone.BenchI.MulMatrix.Test,1.00,1.72,1.72,1.79,1.76,
Benchstone.BenchF.Romber.Test,1.00,1.78,1.85,1.79,1.78,
Benchstone.BenchI.EightQueens.Test,1.00,1.05,1.06,1.05,1.04,
Benchstone.BenchF.Whetsto.Test,1.00,1.74,1.83,1.80,1.75,
MicroBenchmarks.Serializers.Xml_ToStream<ClassImplementingIXmlSerialiable>.XmlSerializer_,1.00,4.68,4.31,4.16,4.93,
System.MathBenchmarks.Single.Abs,1.00,5.19,5.42,5.48,5.35,
System.MathBenchmarks.Single.Acosh,1.00,1.59,1.64,1.57,1.56,
System.MathBenchmarks.Single.Acos,1.00,1.95,1.95,1.95,1.98,
System.MathBenchmarks.Single.Asinh,1.00,1.54,1.59,1.55,1.54,
System.MathBenchmarks.Single.Asin,1.00,2.25,2.09,2.09,2.11,
System.MathBenchmarks.Single.Atan2,1.00,1.49,1.49,1.54,1.47,
System.MathBenchmarks.Single.Atanh,1.00,1.61,1.61,1.61,1.64,
System.MathBenchmarks.Single.Atan,1.00,2.55,2.49,2.48,2.52,
System.MathBenchmarks.Single.Cbrt,1.00,1.39,1.44,1.39,1.39,
System.MathBenchmarks.Single.Ceiling,1.00,5.24,5.31,5.23,5.29,
System.MathBenchmarks.Single.Cosh,1.00,1.90,1.93,1.91,1.91,
System.MathBenchmarks.Single.Cos,1.00,2.38,2.33,2.33,2.29,
System.MathBenchmarks.Single.Exp,1.00,1.66,1.70,1.61,1.61,
System.MathBenchmarks.Single.Floor,1.00,5.44,5.68,5.42,5.17,
System.MathBenchmarks.Single.FusedMultiplyAdd,1.00,7.12,7.35,7.12,7.12,
System.MathBenchmarks.Single.ILogB,1.00,1.14,1.12,1.22,1.14,
System.MathBenchmarks.Single.Log10,1.00,1.95,1.97,1.95,1.95,
System.MathBenchmarks.Single.Log2,1.00,2.30,2.17,2.32,2.25,
System.MathBenchmarks.Single.Log,1.00,2.04,2.10,2.03,2.06,
System.MathBenchmarks.Single.Pow,1.00,1.48,1.53,1.44,1.41,
System.MathBenchmarks.Single.Round,1.00,7.12,7.16,7.12,7.09,
System.MathBenchmarks.Single.ScaleB,1.00,1.78,1.70,1.77,1.84,
System.MathBenchmarks.Single.Sinh,1.00,1.48,1.58,1.48,1.48,
System.MathBenchmarks.Single.Sin,1.00,2.47,2.32,2.31,2.32,
System.MathBenchmarks.Single.Sqrt,1.00,5.26,5.49,5.25,5.47,
System.MathBenchmarks.Single.Tanh,1.00,1.62,1.57,1.57,1.57,
System.MathBenchmarks.Single.Tan,1.00,1.64,1.67,1.69,1.72,
System.Memory.Memory<Char>.Pin(Size: 512),1.00,7.26,7.33,7.31,7.54,
System.Memory.Memory<Char>.ToArray(Size: 512),1.00,7.56,7.92,7.44,7.57,
System.Reflection.Activator<EmptyClass>.CreateInstanceGeneric,1.00,11.75,12.12,11.91,12.25,
System.Reflection.Activator<EmptyClass>.CreateInstanceType,1.00,20.53,21.71,20.96,20.58,
System.Reflection.Activator<EmptyClass>.CreateInstanceNames,1.00,4.46,4.48,4.54,4.52,
Span.Sorting.QuickSortSpan(Size: 512),1.00,1.91,1.94,1.63,1.70,
Span.Sorting.BubbleSortSpan(Size: 512),1.00,2.17,2.12,2.11,2.12,
Span.Sorting.QuickSortArray(Size: 512),1.00,1.39,1.52,1.40,1.39,
Span.Sorting.BubbleSortArray(Size: 512),1.00,1.40,1.51,1.41,1.43,
System.Reflection.Attributes.GetCustomAttributesClassHitInherit,1.00,6.24,6.30,6.50,6.30,
System.Reflection.Attributes.GetCustomAttributesClassMissInherit,1.00,17.59,17.58,17.56,18.02,
System.Reflection.Attributes.GetCustomAttributesClassHit,1.00,2.07,2.00,1.98,2.06,
System.Reflection.Attributes.GetCustomAttributesClassMiss,1.00,12.31,12.85,12.40,12.50,
System.Reflection.Attributes.GetCustomAttributesMethodOverrideHitInherit,1.00,3.50,3.48,3.50,3.61,
System.Reflection.Attributes.GetCustomAttributesMethodOverrideMissInherit,1.00,5.94,5.83,5.84,5.92,
System.Reflection.Attributes.GetCustomAttributesMethodOverrideHit,1.00,2.16,2.17,2.33,2.16,
System.Reflection.Attributes.GetCustomAttributesMethodOverrideMiss,1.00,2.19,2.13,2.18,2.09,
System.Reflection.Attributes.GetCustomAttributesMethodBaseHitInherit,1.00,3.38,3.47,3.43,3.55,
System.Reflection.Attributes.GetCustomAttributesMethodBaseMissInherit,1.00,14.81,14.79,14.31,14.36,
System.Reflection.Attributes.GetCustomAttributesMethodBaseHit,1.00,2.07,1.99,1.98,1.99,
System.Reflection.Attributes.GetCustomAttributesMethodBaseMiss,1.00,15.12,15.22,15.16,15.89,
System.Reflection.Attributes.IsDefinedClassHitInherit,1.00,1.03,1.00,0.99,0.99,
System.Reflection.Attributes.IsDefinedClassMissInherit,1.00,3.00,2.93,2.98,3.11,
System.Reflection.Attributes.IsDefinedClassHit,1.00,1.01,0.98,0.97,0.99,
System.Reflection.Attributes.IsDefinedClassMiss,1.00,3.41,3.43,3.58,3.54,
System.Reflection.Attributes.IsDefinedMethodOverrideHitInherit,1.00,1.12,1.15,1.13,1.10,
System.Reflection.Attributes.IsDefinedMethodOverrideMissInherit,1.00,1.17,1.21,1.22,1.20,
System.Reflection.Attributes.IsDefinedMethodOverrideHit,1.00,1.24,1.25,1.24,1.21,
System.Reflection.Attributes.IsDefinedMethodOverrideMiss,1.00,1.13,1.18,1.18,1.14,
System.Reflection.Attributes.IsDefinedMethodBaseHitInherit,1.00,1.14,1.13,1.13,1.11,
System.Reflection.Attributes.IsDefinedMethodBaseMissInherit,1.00,7.47,7.81,7.44,7.80,
System.Reflection.Attributes.IsDefinedMethodBaseHit,1.00,1.12,1.13,1.13,1.13,
System.Reflection.Attributes.IsDefinedMethodBaseMiss,1.00,7.34,7.72,7.61,7.36,
Benchstone.BenchF.Simpsn.Test,1.00,2.91,2.90,2.95,2.91,
System.Tests.Perf_String.Concat_CharEnumerable,1.00,1.53,1.61,1.59,1.65,
System.Tests.Perf_String.IndexOfAny,1.00,5.90,5.99,5.76,5.74,
System.Tests.Perf_String.Format_MultipleArgs,1.00,2.36,2.34,2.41,2.37,
System.Tests.Perf_String.IndexerCheckBoundCheckHoist,1.00,2.34,2.46,2.34,2.95,
System.Tests.Perf_String.IndexerCheckLengthHoisting,1.00,3.04,3.04,3.15,2.39,
System.Tests.Perf_String.IndexerCheckPathLength,1.00,1.34,1.35,1.33,1.38,
System.Tests.Perf_String.Trim_CharArr(s: " Te st  "; c: [' '; ' ']),1.00,10.78,10.80,11.08,10.81,
System.Tests.Perf_String.Trim(s: " Te st  "),1.00,17.53,18.00,16.97,17.56,
System.Tests.Perf_String.Trim_CharArr(s: " Test"; c: [' '; ' ']),1.00,11.14,11.59,11.32,11.27,
System.Tests.Perf_String.TrimStart_CharArr(s: " Test"; c: [' '; ' ']),1.00,11.84,11.90,12.10,11.98,
System.Tests.Perf_String.Trim(s: " Test"),1.00,16.73,17.19,16.65,16.63,
System.Tests.Perf_String.TrimStart(s: " Test"),1.00,15.51,15.22,15.28,15.44,
System.Tests.Perf_String.Interpolation_MultipleArgs(c: '1'; s: "Foo"),1.00,2.22,2.20,2.16,2.18,
System.Tests.Perf_String.GetChars(size: 100),1.00,5.51,5.52,5.55,5.48,
System.Tests.Perf_String.Concat_str_str(size: 100),1.00,9.23,9.65,9.19,9.29,
System.Tests.Perf_String.Concat_str_str_str(size: 100),1.00,7.84,7.77,7.91,7.82,
System.Tests.Perf_String.Concat_str_str_str_str(size: 100),1.00,7.86,7.93,7.68,7.65,
System.Tests.Perf_String.GetChars(size: 1000),1.00,6.40,6.30,6.29,6.39,
System.Tests.Perf_String.Concat_str_str(size: 1000),1.00,6.40,6.67,6.36,6.38,
System.Tests.Perf_String.Concat_str_str_str(size: 1000),1.00,5.80,5.78,5.79,5.79,
System.Tests.Perf_String.Concat_str_str_str_str(size: 1000),1.00,10.67,10.45,10.10,10.45,
System.Tests.Perf_String.PadLeft(n: 18),1.00,11.48,11.36,11.39,11.72,
System.Tests.Perf_String.PadLeft(n: 2142),1.00,2.49,2.56,2.48,2.46,
System.Tests.Perf_String.Split(s: "A B C D E F G H I J K L M N O P Q R S T U V W X Y Z"; arr: [' '];...,1.00,9.17,9.01,9.33,9.43,
System.Tests.Perf_String.Split(s: "A B C D E F G H I J K L M N O P Q R S T U V W X Y Z"; arr: [' '];...,1.00,9.00,9.10,8.82,9.22,
System.Tests.Perf_String.Split(s: "ABCDEFGHIJKLMNOPQRSTUVWXYZ"; arr: [' ']; options: None),1.00,2.93,3.03,3.17,2.93,
System.Tests.Perf_String.Split(s: "ABCDEFGHIJKLMNOPQRSTUVWXYZ"; arr: [' ']; options: RemoveEmptyEntr...,1.00,2.98,2.97,3.12,2.98,
System.Tests.Perf_String.ToUpper(s: "TEST"),1.00,1.83,1.78,1.78,1.79,
System.Tests.Perf_String.ToUpperInvariant(s: "TEST"),1.00,3.17,3.13,3.09,3.05,
System.Tests.Perf_String.ToLower(s: "TEST"),1.00,8.96,9.03,9.37,9.41,
System.Tests.Perf_String.ToLowerInvariant(s: "TEST"),1.00,12.30,12.37,11.96,11.95,
System.Tests.Perf_String.ToUpper(s: "TeSt"),1.00,9.02,9.09,9.12,9.31,
System.Tests.Perf_String.ToUpperInvariant(s: "TeSt"),1.00,12.29,12.69,12.73,12.59,
System.Tests.Perf_String.ToLower(s: "TeSt"),1.00,9.05,9.09,9.20,9.20,
System.Tests.Perf_String.ToLowerInvariant(s: "TeSt"),1.00,12.23,12.28,12.36,12.29,
System.Tests.Perf_String.Insert(s1: "Test"; i: 2; s2: " Test"),1.00,11.02,10.79,10.59,10.75,
System.Tests.Perf_String.Trim_CharArr(s: "Test"; c: [' '; ' ']),1.00,3.39,3.38,3.35,3.40,
System.Tests.Perf_String.TrimStart_CharArr(s: "Test"; c: [' '; ' ']),1.00,2.66,2.62,2.61,2.81,
System.Tests.Perf_String.TrimEnd_CharArr(s: "Test"; c: [' '; ' ']),1.00,2.81,2.85,2.86,2.91,
System.Tests.Perf_String.Trim(s: "Test"),SMALL,SMALL,SMALL,SMALL,SMALL,
System.Tests.Perf_String.TrimStart(s: "Test"),SMALL,SMALL,SMALL,SMALL,SMALL,
System.Tests.Perf_String.TrimEnd(s: "Test"),SMALL,SMALL,SMALL,SMALL,SMALL,
System.Tests.Perf_String.Trim_CharArr(s: "Test "; c: [' '; ' ']),1.00,10.76,10.71,10.82,10.89,
System.Tests.Perf_String.TrimEnd_CharArr(s: "Test "; c: [' '; ' ']),1.00,11.90,11.14,11.11,11.29,
System.Tests.Perf_String.Trim(s: "Test "),1.00,16.79,16.55,16.56,17.15,
System.Tests.Perf_String.TrimEnd(s: "Test "),1.00,15.60,15.74,15.55,15.44,
System.Tests.Perf_String.Format_OneArg(s: "Testing {0}; {0:C}; {0:D5}; {0:E} - {0:F4}{0:G}{0:N}  {0:...,1.00,2.36,2.35,2.42,2.45,
System.Tests.Perf_String.Format_OneArg(s: "Testing {0}; {0:C}; {0:E} - {0:F4}{0:G}{0:N} ; !!"; o: 3....,1.00,3.74,3.85,3.76,3.79,
System.Tests.Perf_String.ToUpper(s: "This is a much longer piece of text that might benefit more fro...,1.00,7.01,7.01,7.08,7.02,
System.Tests.Perf_String.ToUpperInvariant(s: "This is a much longer piece of text that might benefit...,1.00,8.36,8.47,8.47,8.48,
System.Tests.Perf_String.ToLower(s: "This is a much longer piece of text that might benefit more fro...,1.00,7.25,7.21,7.23,7.27,
System.Tests.Perf_String.ToLowerInvariant(s: "This is a much longer piece of text that might benefit...,1.00,8.38,8.23,8.41,8.61,
System.Tests.Perf_String.Replace_String(text: "This is a very nice sentence"; oldValue: "bad"; newVa...,1.00,3.07,3.15,3.15,3.14,
System.Tests.Perf_String.Replace_Char(text: "This is a very nice sentence"; oldChar: 'i'; newChar: '...,1.00,7.19,7.00,7.27,7.34,
System.Tests.Perf_String.Replace_String(text: "This is a very nice sentence"; oldValue: "nice"; newV...,1.00,6.01,6.04,5.90,6.20,
System.Tests.Perf_String.Replace_Char(text: "This is a very nice sentence"; oldChar: 'z'; newChar: '...,1.00,3.72,3.87,3.92,3.82,
System.Tests.Perf_String.Remove_IntInt(s: "dzsdzsDDZSDZSDZSddsz"; i1: 0; i2: 8),1.00,12.16,12.06,12.40,12.53,
System.Tests.Perf_String.Substring_IntInt(s: "dzsdzsDDZSDZSDZSddsz"; i1: 0; i2: 8),1.00,14.50,14.98,14.42,14.41,
System.Tests.Perf_String.Remove_Int(s: "dzsdzsDDZSDZSDZSddsz"; i: 0),SMALL,SMALL,SMALL,SMALL,SMALL,
System.Tests.Perf_String.Substring_Int(s: "dzsdzsDDZSDZSDZSddsz"; i: 0),SMALL,SMALL,SMALL,SMALL,SMALL,
System.Tests.Perf_String.Remove_IntInt(s: "dzsdzsDDZSDZSDZSddsz"; i1: 7; i2: 4),1.00,12.80,12.71,12.92,13.03,
System.Tests.Perf_String.Substring_IntInt(s: "dzsdzsDDZSDZSDZSddsz"; i1: 7; i2: 4),1.00,14.89,15.05,14.15,14.92,
System.Tests.Perf_String.Insert(s1: "dzsdzsDDZSDZSDZSddsz"; i: 7; s2: "Test"),1.00,10.39,10.34,10.59,10.30,
System.Tests.Perf_String.Remove_Int(s: "dzsdzsDDZSDZSDZSddsz"; i: 7),1.00,14.47,14.06,14.32,14.42,
System.Tests.Perf_String.Substring_Int(s: "dzsdzsDDZSDZSDZSddsz"; i: 7),1.00,14.61,14.39,14.53,14.50,
System.Tests.Perf_String.Remove_IntInt(s: "dzsdzsDDZSDZSDZSddsz"; i1: 10; i2: 1),1.00,13.57,13.36,13.18,13.10,
System.Tests.Perf_String.Substring_IntInt(s: "dzsdzsDDZSDZSDZSddsz"; i1: 10; i2: 1),1.00,14.55,14.40,14.57,15.00,
System.Tests.Perf_String.Remove_Int(s: "dzsdzsDDZSDZSDZSddsz"; i: 10),1.00,14.14,14.33,14.22,14.03,
System.Tests.Perf_String.Substring_Int(s: "dzsdzsDDZSDZSDZSddsz"; i: 10),1.00,14.80,15.15,14.63,15.11,
System.Tests.Perf_String.ToUpper(s: "test"),1.00,8.72,9.02,8.91,9.45,
System.Tests.Perf_String.ToUpperInvariant(s: "test"),1.00,13.04,12.64,12.65,12.86,
System.Tests.Perf_String.ToLower(s: "test"),1.00,1.94,1.98,2.03,1.96,
System.Tests.Perf_String.ToLowerInvariant(s: "test"),1.00,2.79,2.75,2.71,2.71,
Devirtualization.Boxing.InterfaceTypeCheckAndCall,SMALL,SMALL,SMALL,SMALL,SMALL,
MicroBenchmarks.Serializers.Xml_ToStream<SimpleStructWithProperties>.XmlSerializer_,1.00,4.32,4.01,4.02,4.33,
Benchstone.BenchI.NDhrystone.Test,1.00,1.98,2.17,2.17,2.08,
Benchstone.BenchI.CSieve.Test,1.00,1.67,1.70,1.70,1.75,
Span.IndexerBench.Ref(length: 1024),1.00,1.98,1.50,1.45,2.00,
Span.IndexerBench.Fixed1(length: 1024),1.00,1.92,1.44,1.96,1.92,
Span.IndexerBench.Fixed2(length: 1024),1.00,2.04,1.92,1.92,1.92,
Span.IndexerBench.Indexer1(length: 1024),1.00,1.99,1.96,1.99,1.95,
Span.IndexerBench.Indexer2(length: 1024),1.00,1.92,1.92,1.91,2.03,
Span.IndexerBench.Indexer3(length: 1024),1.00,1.91,1.90,1.91,1.90,
Span.IndexerBench.Indexer4(length: 1024),1.00,1.96,1.99,1.95,1.98,
Span.IndexerBench.Indexer5(length: 1024),1.00,2.48,1.99,2.48,2.47,
Span.IndexerBench.Indexer6(length: 1024),1.00,2.15,2.03,2.28,1.99,
Span.IndexerBench.ReadOnlyIndexer1(length: 1024),1.00,2.00,1.99,2.05,2.00,
Span.IndexerBench.ReadOnlyIndexer2(length: 1024),1.00,1.96,1.96,1.96,1.96,
Span.IndexerBench.WriteViaIndexer1(length: 1024),1.00,0.94,0.93,0.98,0.94,
Span.IndexerBench.WriteViaIndexer2(length: 1024),1.00,2.60,2.57,2.58,2.74,
Span.IndexerBench.KnownSizeArray(length: 1024),1.00,2.03,1.98,2.06,1.99,
Span.IndexerBench.KnownSizeCtor(length: 1024),1.00,1.99,2.01,1.98,1.99,
Span.IndexerBench.KnownSizeCtor2(length: 1024),1.00,2.38,2.29,2.33,2.29,
Span.IndexerBench.SameIndex1(length: 1024),1.00,2.47,2.39,2.39,2.61,
Span.IndexerBench.SameIndex2(length: 1024),1.00,2.11,2.11,2.12,2.11,
Span.IndexerBench.CoveredIndex1(length: 1024),1.00,1.90,1.87,1.86,1.86,
Span.IndexerBench.CoveredIndex2(length: 1024),1.00,2.24,2.16,2.27,2.16,
Span.IndexerBench.CoveredIndex3(length: 1024),1.00,2.17,2.08,2.07,2.14,
FractalPerf.Launch.Test,1.00,3.48,3.48,3.59,3.57,
System.Memory.Span<Byte>.Clear(Size: 512),1.00,9.83,9.87,9.84,9.91,
System.Memory.Span<Byte>.Fill(Size: 512),1.00,10.13,10.14,9.75,9.74,
System.Memory.Span<Byte>.Reverse(Size: 512),1.00,2.35,2.03,2.04,1.93,
System.Memory.Span<Byte>.ToArray(Size: 512),1.00,6.29,6.16,6.24,6.10,
System.Memory.Span<Byte>.SequenceEqual(Size: 512),1.00,6.61,6.24,6.48,6.46,
System.Memory.Span<Byte>.SequenceCompareTo(Size: 512),1.00,7.08,6.99,7.08,7.43,
System.Memory.Span<Byte>.StartsWith(Size: 512),1.00,6.79,6.62,6.99,6.61,
System.Memory.Span<Byte>.EndsWith(Size: 512),1.00,6.96,6.78,6.78,6.89,
System.Memory.Span<Byte>.IndexOfValue(Size: 512),1.00,7.52,7.75,7.70,7.36,
System.Memory.Span<Byte>.IndexOfAnyTwoValues(Size: 512),1.00,8.72,8.66,9.01,9.03,
System.Memory.Span<Byte>.IndexOfAnyThreeValues(Size: 512),1.00,7.67,7.90,7.82,7.72,
System.Memory.Span<Byte>.IndexOfAnyFourValues(Size: 512),1.00,5.00,5.00,5.00,5.06,
System.Memory.Span<Byte>.LastIndexOfValue(Size: 512),1.00,5.60,5.77,5.57,5.52,
System.Memory.Span<Byte>.LastIndexOfAnyValues(Size: 512),1.00,4.93,4.59,4.76,4.84,
System.Memory.Span<Byte>.BinarySearch(Size: 512),1.00,4.95,5.14,4.97,4.98,
System.Memory.Span<Byte>.GetPinnableReference(Size: 512),SMALL,SMALL,SMALL,SMALL,SMALL,
MicroBenchmarks.Serializers.Json_ToStream<Location>.JsonNet_,1.00,7.43,7.34,5.62,5.88,
MicroBenchmarks.Serializers.Json_ToStream<Location>.DataContractJsonSerializer_,1.00,6.01,4.88,4.80,5.84,
BenchmarksGame.PiDigits_3.RunBench(n: 3000; expected: "8649423196\t:3000"),1.00,3.48,3.51,3.57,3.62,
System.Collections.Sort<IntStruct>.Array(Size: 512),1.00,31.41,31.24,31.74,33.10,
System.Collections.Sort<IntStruct>.Array_ComparerClass(Size: 512),1.00,2.80,2.72,2.67,2.76,
System.Collections.Sort<IntStruct>.Array_ComparerStruct(Size: 512),1.00,2.31,2.33,2.36,2.31,
System.Collections.Sort<IntStruct>.Array_Comparison(Size: 512),1.00,2.90,2.78,2.72,2.83,
System.Collections.Sort<IntStruct>.List(Size: 512),1.00,30.43,30.45,31.20,30.59,
System.Collections.Sort<IntStruct>.LinqQuery(Size: 512),1.00,3.02,3.03,3.01,2.98,
System.Collections.Sort<IntStruct>.LinqOrderByExtension(Size: 512),1.00,3.05,3.04,3.11,3.15,
System.Collections.ContainsKeyFalse<String; String>.IDictionary(Size: 512),1.00,1.82,1.79,1.76,1.83,
Benchstone.BenchI.Permutate.Test,1.00,1.16,1.15,1.19,1.20,
V8.Crypto.Support.Bench,1.00,2.66,2.68,2.73,2.76,
Benchstone.BenchF.MatInv4.Test,1.00,2.35,2.52,2.56,2.37,
System.Tests.Perf_Array.ArrayResize,1.00,1.59,1.60,1.77,1.78,
System.Tests.Perf_Array.ArrayCreate1D,1.00,13.25,14.14,13.34,14.35,
System.Tests.Perf_Array.ArrayCreate2D,1.00,12.51,12.44,12.82,12.88,
System.Tests.Perf_Array.ArrayCreate3D,1.00,11.72,12.80,12.03,12.19,
System.Tests.Perf_Array.ArrayAssign1D,1.00,11.69,11.45,11.88,11.84,
System.Tests.Perf_Array.ArrayAssign2D,1.00,4.96,5.30,5.20,5.07,
System.Tests.Perf_Array.ArrayAssign3D,1.00,5.54,5.33,5.24,5.20,
System.Tests.Perf_Array.ArrayRetrieve1D,1.00,7.27,7.34,7.42,7.58,
System.Tests.Perf_Array.ArrayRetrieve2D,1.00,4.29,4.14,4.13,4.19,
System.Tests.Perf_Array.ArrayRetrieve3D,1.00,4.50,4.45,4.47,4.50,
System.Tests.Perf_Array.ArrayCopy2D,1.00,24.96,26.06,25.48,25.34,
System.Tests.Perf_Array.ArrayCopy3D,1.00,17.58,17.62,18.14,18.40,
System.Tests.Perf_Array.Reverse,1.00,2.47,2.44,2.43,2.43,
System.Tests.Perf_Array.ClearUnaligned,1.00,42.97,44.58,42.96,43.20,
System.Tests.Perf_Array.IndexOfChar,1.00,4.38,4.40,4.44,5.02,
System.Tests.Perf_Array.IndexOfShort,1.00,4.10,4.09,4.09,3.55,
Benchstone.BenchI.BubbleSort.Test,1.00,1.87,1.87,1.88,1.96,
System.Collections.AddGivenSize<Int32>.ICollection(Size: 512),1.00,2.19,2.18,2.20,2.13,
System.Collections.AddGivenSize<Int32>.IDictionary(Size: 512),1.00,3.90,4.03,3.82,3.80,
System.Collections.TryGetValueTrue<Int32; Int32>.IDictionary(Size: 512),1.00,3.74,3.84,3.86,3.77,
System.Collections.IterateForEach<String>.IEnumerable(Size: 512),1.00,1.72,1.76,1.64,1.90,
BenchmarksGame.RegexRedux_5.RunBench,1.00,1.36,1.37,1.35,1.36,
MicroBenchmarks.Serializers.Xml_FromStream<Location>.XmlSerializer_,1.00,3.38,3.28,3.30,3.38,
Benchstone.BenchI.Pi.Test,1.00,1.15,1.15,1.15,1.17,
System.Collections.ContainsTrue<Int32>.ICollection(Size: 512),1.00,4.42,4.50,4.57,4.42,
PerfLabTests.BlockCopyPerf.CallBlockCopy(numElements: 0),SMALL,SMALL,SMALL,SMALL,SMALL,
PerfLabTests.BlockCopyPerf.CallBlockCopy(numElements: 10),1.00,163.86,19.20,19.07,157.53,
PerfLabTests.BlockCopyPerf.CallBlockCopy(numElements: 100),1.00,142.89,16.31,16.89,152.60,
PerfLabTests.BlockCopyPerf.CallBlockCopy(numElements: 1000),1.00,62.34,5.77,5.79,62.81,
System.Collections.IterateFor<String>.Array(Size: 512),1.00,1.74,2.54,1.66,1.74,
System.Collections.IterateFor<String>.Span(Size: 512),1.00,1.92,1.90,1.85,1.91,
System.Collections.IterateFor<String>.ReadOnlySpan(Size: 512),1.00,2.04,1.98,1.98,1.97,
System.Collections.IterateFor<String>.List(Size: 512),1.00,13.38,11.14,11.39,12.24,
System.Collections.IterateFor<String>.IList(Size: 512),1.00,1.84,1.64,1.72,1.90,
System.Collections.IterateFor<String>.ImmutableArray(Size: 512),1.00,14.03,15.97,15.92,16.54,
System.Collections.IterateFor<String>.ImmutableList(Size: 512),1.00,3.17,3.03,3.13,3.00,
System.Collections.IterateFor<String>.ImmutableSortedSet(Size: 512),1.00,3.20,3.36,3.14,3.21,
MicroBenchmarks.Serializers.Xml_FromStream<ClassImplementingIXmlSerialiable>.XmlSerializer_,1.00,4.17,3.58,3.62,4.17,
MicroBenchmarks.Serializers.Json_ToString<LoginViewModel>.JsonNet_,1.00,10.57,14.81,11.33,11.83,
System.Collections.IndexerSetReverse<String>.Array(Size: 512),1.00,5.94,6.03,5.80,6.06,
System.Collections.IndexerSetReverse<String>.Span(Size: 512),1.00,1.95,1.97,1.95,1.95,
System.Collections.IndexerSetReverse<String>.List(Size: 512),1.00,5.19,4.91,5.24,5.07,
System.Collections.IndexerSetReverse<String>.IList(Size: 512),1.00,2.16,2.14,2.12,2.01,
PerfLabTests.CastingPerf2.CastingPerf.ObjFooIsObj,1.00,0.43,0.33,0.33,0.34,
PerfLabTests.CastingPerf2.CastingPerf.FooObjIsFoo,1.00,0.46,0.46,0.48,0.47,
PerfLabTests.CastingPerf2.CastingPerf.FooObjIsNull,1.00,0.43,0.34,0.35,0.46,
PerfLabTests.CastingPerf2.CastingPerf.FooObjIsDescendant,1.00,0.21,0.22,0.21,0.22,
PerfLabTests.CastingPerf2.CastingPerf.IFooFooIsIFoo,1.00,0.43,0.33,0.34,0.46,
PerfLabTests.CastingPerf2.CastingPerf.IFooObjIsIFoo,1.00,0.20,0.20,0.19,0.19,
PerfLabTests.CastingPerf2.CastingPerf.IFooObjIsIFooInterAlia,1.00,0.29,0.29,0.30,0.29,
PerfLabTests.CastingPerf2.CastingPerf.IFooObjIsDescendantOfIFoo,1.00,0.19,0.20,0.19,0.20,
PerfLabTests.CastingPerf2.CastingPerf.ObjInt,1.00,1.10,1.09,1.12,1.08,
PerfLabTests.CastingPerf2.CastingPerf.IntObj,1.00,0.85,0.85,0.98,0.85,
PerfLabTests.CastingPerf2.CastingPerf.ObjScalarValueType,1.00,1.12,1.10,1.14,1.10,
PerfLabTests.CastingPerf2.CastingPerf.ScalarValueTypeObj,1.00,1.20,1.19,1.20,1.25,
PerfLabTests.CastingPerf2.CastingPerf.ObjObjrefValueType,1.00,0.88,0.87,0.90,0.96,
PerfLabTests.CastingPerf2.CastingPerf.ObjrefValueTypeObj,1.00,0.60,0.64,0.62,0.60,
PerfLabTests.CastingPerf2.CastingPerf.FooObjCastIfIsa,1.00,0.43,0.49,0.51,0.45,
MicroBenchmarks.Serializers.Json_ToString<IndexViewModel>.JsonNet_,1.00,2.08,2.08,2.22,2.17,
System.Memory.Span<Int32>.Clear(Size: 512),1.00,1.19,1.16,1.20,1.18,
System.Memory.Span<Int32>.Fill(Size: 512),1.00,1.72,1.71,1.68,1.69,
System.Memory.Span<Int32>.Reverse(Size: 512),1.00,2.35,2.34,2.41,2.41,
System.Memory.Span<Int32>.ToArray(Size: 512),1.00,6.79,6.61,6.97,6.70,
System.Memory.Span<Int32>.SequenceEqual(Size: 512),1.00,7.86,8.08,7.83,8.01,
System.Memory.Span<Int32>.SequenceCompareTo(Size: 512),1.00,4.40,4.22,4.38,4.23,
System.Memory.Span<Int32>.StartsWith(Size: 512),1.00,8.05,7.69,7.56,7.59,
System.Memory.Span<Int32>.EndsWith(Size: 512),1.00,7.68,7.47,7.49,7.53,
System.Memory.Span<Int32>.IndexOfValue(Size: 512),1.00,5.20,5.14,5.07,5.22,
System.Memory.Span<Int32>.IndexOfAnyTwoValues(Size: 512),1.00,4.68,4.65,4.82,4.81,
System.Memory.Span<Int32>.IndexOfAnyThreeValues(Size: 512),1.00,4.46,4.40,4.37,4.39,
System.Memory.Span<Int32>.IndexOfAnyFourValues(Size: 512),1.00,5.08,4.96,5.11,4.99,
System.Memory.Span<Int32>.LastIndexOfValue(Size: 512),1.00,3.73,3.66,3.75,3.70,
System.Memory.Span<Int32>.LastIndexOfAnyValues(Size: 512),1.00,5.30,5.34,5.34,5.44,
System.Memory.Span<Int32>.BinarySearch(Size: 512),1.00,4.54,4.67,4.58,4.52,
System.Memory.Span<Int32>.GetPinnableReference(Size: 512),SMALL,SMALL,SMALL,SMALL,SMALL,
Benchstone.BenchF.Secant.Test,1.00,1.70,1.70,1.77,1.74,
MicroBenchmarks.Serializers.Xml_ToStream<Location>.XmlSerializer_,1.00,4.21,3.90,3.95,4.20,
Benchstone.BenchF.SqMtx.Test,1.00,1.37,1.37,1.46,1.39,
Benchstone.BenchF.BenchMk2.Test,1.00,3.12,3.12,3.12,3.21,
BenchmarksGame.MandelBrot_7.Bench(size: 4000; lineLength: 500; checksum: "C7-E6-66-43-66-73-F8-A8-D3...,1.00,2.63,2.58,2.60,2.62,
System.Memory.Slice<Byte>.SpanStart,SMALL,SMALL,SMALL,SMALL,SMALL,
System.Memory.Slice<Byte>.SpanStartLength,SMALL,SMALL,SMALL,SMALL,SMALL,
System.Memory.Slice<Byte>.ReadOnlySpanStart,SMALL,SMALL,SMALL,SMALL,SMALL,
System.Memory.Slice<Byte>.ReadOnlySpanStartLength,SMALL,SMALL,SMALL,SMALL,SMALL,
System.Memory.Slice<Byte>.MemoryStart,SMALL,SMALL,SMALL,SMALL,SMALL,
System.Memory.Slice<Byte>.MemoryStartSpan,SMALL,SMALL,SMALL,SMALL,SMALL,
System.Memory.Slice<Byte>.MemoryStartLength,SMALL,SMALL,SMALL,SMALL,SMALL,
System.Memory.Slice<Byte>.MemoryStartLengthSpan,SMALL,SMALL,SMALL,SMALL,SMALL,
System.Memory.Slice<Byte>.ReadOnlyMemoryStart,SMALL,SMALL,SMALL,SMALL,SMALL,
System.Memory.Slice<Byte>.ReadOnlyMemoryStartSpan,SMALL,SMALL,SMALL,SMALL,SMALL,
System.Memory.Slice<Byte>.ReadOnlyMemoryStartLength,SMALL,SMALL,SMALL,SMALL,SMALL,
System.Memory.Slice<Byte>.ReadOnlyMemoryStartLengthSpan,SMALL,SMALL,SMALL,SMALL,SMALL,
System.Memory.Slice<Byte>.MemorySpanStart,1.00,4.31,4.23,4.23,4.31,
System.Memory.Slice<Byte>.MemorySpanStartLength,1.00,5.00,5.01,5.20,5.12,
System.Memory.Slice<Byte>.ReadOnlyMemorySpanStart,1.00,4.40,4.38,4.38,4.39,
System.Memory.Slice<Byte>.ReadOnlyMemorySpanStartLength,SMALL,SMALL,SMALL,SMALL,SMALL,
System.Hashing.GetStringHashCode(BytesCount: 10),1.00,3.01,3.00,3.08,3.08,
System.Hashing.GetStringHashCode(BytesCount: 100),1.00,1.71,1.72,1.72,1.71,
System.Hashing.GetStringHashCode(BytesCount: 1000),1.00,1.56,1.56,1.57,1.56,
System.Hashing.GetStringHashCode(BytesCount: 10000),1.00,1.47,1.51,1.50,1.46,
MicroBenchmarks.Serializers.Xml_ToStream<XmlElement>.XmlSerializer_,1.00,5.20,5.10,4.54,5.11,
PerfLabTests.EnumPerf.ObjectGetType,SMALL,SMALL,SMALL,SMALL,SMALL,
PerfLabTests.EnumPerf.ObjectGetTypeNoBoxing,SMALL,SMALL,SMALL,SMALL,SMALL,
PerfLabTests.EnumPerf.EnumEquals,1.00,8.66,8.04,8.26,8.79,
PerfLabTests.EnumPerf.EnumCompareTo(color: Red),1.00,5.67,5.66,5.53,5.63,
MicroBenchmarks.Serializers.Json_FromStream<IndexViewModel>.JsonNet_,1.00,3.23,2.98,3.02,3.23,
MicroBenchmarks.Serializers.Json_FromStream<IndexViewModel>.DataContractJsonSerializer_,1.00,6.38,2.73,2.76,6.31,
ByteMark.BenchNumericSortJagged,1.00,1.36,1.36,1.38,1.39,
ByteMark.BenchNumericSortRectangular,1.00,1.40,1.44,1.40,1.40,
ByteMark.BenchStringSort,1.00,1.49,1.54,1.60,1.56,
ByteMark.BenchBitOps,1.00,8.05,8.37,8.01,8.02,
ByteMark.BenchEmFloat,1.00,1.28,1.26,1.30,1.28,
ByteMark.BenchEmFloatClass,1.00,1.25,1.29,1.25,1.27,
ByteMark.BenchFourier,1.00,1.21,1.21,1.24,1.23,
ByteMark.BenchAssignJagged,1.00,1.86,1.88,1.89,1.84,
ByteMark.BenchAssignRectangular,1.00,1.71,1.63,1.63,1.69,
ByteMark.BenchIDEAEncryption,1.00,1.01,1.00,1.00,1.00,
ByteMark.BenchNeuralJagged,1.00,1.37,1.36,1.40,1.37,
ByteMark.BenchNeural,1.00,1.41,1.39,1.37,1.40,
ByteMark.BenchLUDecomp,1.00,2.20,2.21,2.23,2.11,
System.Collections.Sort<Int32>.Array(Size: 512),1.00,30.41,30.81,31.74,31.72,
System.Collections.Sort<Int32>.Array_ComparerClass(Size: 512),1.00,2.14,2.09,2.01,2.04,
System.Collections.Sort<Int32>.Array_ComparerStruct(Size: 512),1.00,1.77,1.74,1.77,1.90,
System.Collections.Sort<Int32>.Array_Comparison(Size: 512),1.00,1.86,1.89,1.81,1.82,
System.Collections.Sort<Int32>.List(Size: 512),1.00,30.58,30.80,31.08,30.76,
System.Collections.Sort<Int32>.LinqQuery(Size: 512),1.00,2.80,2.90,2.84,2.86,
System.Collections.Sort<Int32>.LinqOrderByExtension(Size: 512),1.00,2.81,2.80,2.94,2.90,
HardwareIntrinsics.RayTracer.SoA.Render,1.00,0.00,0.00,0.00,0.00,
System.Memory.MemoryMarshal<Byte>.GetReference,SMALL,SMALL,SMALL,SMALL,SMALL,
System.Memory.MemoryMarshal<Byte>.AsBytes,SMALL,SMALL,SMALL,SMALL,SMALL,
System.Memory.MemoryMarshal<Byte>.CastToByte,SMALL,SMALL,SMALL,SMALL,SMALL,
System.Memory.MemoryMarshal<Byte>.CastToInt,SMALL,SMALL,SMALL,SMALL,SMALL,
System.Memory.MemoryMarshal<Byte>.TryGetArray,SMALL,SMALL,SMALL,SMALL,SMALL,
System.Memory.MemoryMarshal<Byte>.Read,SMALL,SMALL,SMALL,SMALL,SMALL,
MicroBenchmarks.Serializers.Json_FromStream<LoginViewModel>.JsonNet_,1.00,3.64,2.59,2.64,3.69,
MicroBenchmarks.Serializers.Json_FromStream<LoginViewModel>.DataContractJsonSerializer_,1.00,4.95,2.41,2.41,5.24,
System.Globalization.Tests.StringHash.GetHashCode(Count: 128; Options: (; IgnoreCase)),1.00,1.18,1.20,1.27,1.20,
System.Globalization.Tests.StringHash.GetHashCode(Count: 128; Options: (; None)),1.00,1.15,1.20,1.16,1.23,
System.Globalization.Tests.StringHash.GetHashCode(Count: 128; Options: (en-US; IgnoreCase)),1.00,1.18,1.20,1.20,1.25,
System.Globalization.Tests.StringHash.GetHashCode(Count: 128; Options: (en-US; None)),1.00,1.22,1.20,1.17,1.14,
System.Globalization.Tests.StringHash.GetHashCode(Count: 128; Options: (en-US; Ordinal)),1.00,1.67,1.67,1.72,1.68,
System.Globalization.Tests.StringHash.GetHashCode(Count: 128; Options: (en-US; OrdinalIgnoreCase)),1.00,2.99,3.00,2.98,3.07,
System.Globalization.Tests.StringHash.GetHashCode(Count: 131072; Options: (; IgnoreCase)),1.00,0.97,1.00,0.98,0.97,
System.Globalization.Tests.StringHash.GetHashCode(Count: 131072; Options: (; None)),1.00,0.98,1.01,1.00,0.98,
System.Globalization.Tests.StringHash.GetHashCode(Count: 131072; Options: (en-US; IgnoreCase)),1.00,0.99,0.99,0.99,0.99,
System.Globalization.Tests.StringHash.GetHashCode(Count: 131072; Options: (en-US; None)),1.00,1.05,1.04,1.07,1.08,
System.Globalization.Tests.StringHash.GetHashCode(Count: 131072; Options: (en-US; Ordinal)),1.00,1.52,1.52,1.52,1.52,
System.Globalization.Tests.StringHash.GetHashCode(Count: 131072; Options: (en-US; OrdinalIgnoreCase)...,1.00,3.19,3.09,3.10,3.19,
Benchstone.BenchI.IniArray.Test,1.00,1.49,1.51,2.17,1.89,
Benchstone.BenchF.Trap.Test,1.00,2.79,2.79,2.87,2.85,
PerfLabTests.LowLevelPerf.EmptyStaticFunction,1.00,0.79,0.80,0.78,0.82,
PerfLabTests.LowLevelPerf.EmptyStaticFunction5Arg,1.00,0.95,0.97,0.89,0.93,
PerfLabTests.LowLevelPerf.EmptyInstanceFunction,1.00,1.42,1.40,1.42,1.39,
PerfLabTests.LowLevelPerf.InterfaceInterfaceMethod,1.00,0.83,0.86,0.87,0.84,
PerfLabTests.LowLevelPerf.InterfaceInterfaceMethodLongHierarchy,1.00,1.03,1.15,1.27,1.00,
PerfLabTests.LowLevelPerf.InterfaceInterfaceMethodSwitchCallType,1.00,0.75,0.97,1.03,0.97,
PerfLabTests.LowLevelPerf.ClassVirtualMethod,1.00,2.00,2.01,1.61,1.40,
PerfLabTests.LowLevelPerf.SealedClassInterfaceMethod,1.00,1.67,1.37,1.67,1.71,
PerfLabTests.LowLevelPerf.StructWithInterfaceInterfaceMethod,1.00,1.05,0.97,1.12,1.08,
PerfLabTests.LowLevelPerf.StaticIntPlus,1.00,1.39,1.35,1.35,1.35,
PerfLabTests.LowLevelPerf.ObjectStringIsString,1.00,1.44,1.20,1.45,1.20,
PerfLabTests.LowLevelPerf.NewDelegateClassEmptyInstanceFn,1.00,2.28,2.24,2.22,2.35,
PerfLabTests.LowLevelPerf.NewDelegateClassEmptyStaticFn,1.00,2.03,2.01,2.01,1.98,
PerfLabTests.LowLevelPerf.InstanceDelegate,1.00,1.29,1.35,1.29,1.44,
PerfLabTests.LowLevelPerf.StaticDelegate,1.00,1.18,1.11,1.12,1.00,
PerfLabTests.LowLevelPerf.MeasureEvents,1.00,1.29,1.33,1.30,1.31,
PerfLabTests.LowLevelPerf.GenericClassWithIntGenericInstanceField,1.00,1.32,1.14,0.92,1.31,
PerfLabTests.LowLevelPerf.GenericClassGenericStaticField,1.00,0.87,0.88,0.87,0.87,
PerfLabTests.LowLevelPerf.GenericClassGenericInstanceMethod,1.00,1.25,1.33,1.33,1.35,
PerfLabTests.LowLevelPerf.GenericClassGenericStaticMethod,1.00,1.14,1.07,1.14,1.14,
PerfLabTests.LowLevelPerf.GenericGenericMethod,1.00,1.04,1.17,1.17,1.04,
PerfLabTests.LowLevelPerf.GenericClassWithSTringGenericInstanceMethod,1.00,0.50,0.50,0.51,0.50,
PerfLabTests.LowLevelPerf.ForeachOverList100Elements,1.00,1.82,1.75,1.77,1.85,
PerfLabTests.LowLevelPerf.TypeReflectionObjectGetType,1.00,0.49,0.49,0.37,0.49,
PerfLabTests.LowLevelPerf.TypeReflectionArrayGetType,1.00,0.49,0.49,0.37,0.51,
PerfLabTests.LowLevelPerf.IntegerFormatting,1.00,5.56,5.40,5.37,5.52,
System.Collections.ContainsFalse<Int32>.ICollection(Size: 512),1.00,4.93,4.93,4.95,5.10,
BenchmarksGame.FannkuchRedux_2.RunBench(n: 10; expectedSum: 73196),1.00,1.95,2.10,2.05,1.96,
MicroBenchmarks.Serializers.Xml_ToStream<MyEventsListerViewModel>.XmlSerializer_,1.00,3.54,3.29,3.33,3.49,
BilinearTest.Interpol_Scalar,1.00,1.95,1.90,1.94,1.88,
BilinearTest.Interpol_Vector,1.00,59.45,60.29,62.09,61.19,
BilinearTest.Interpol_AVX,1.00,0.00,0.00,0.00,0.00,
Devirtualization.EqualityComparer.ValueTupleCompareNoOpt,1.00,4.26,4.22,4.23,4.40,
Devirtualization.EqualityComparer.ValueTupleCompare,SMALL,SMALL,SMALL,SMALL,SMALL,
Devirtualization.EqualityComparer.ValueTupleCompareCached,1.00,4.71,4.77,4.77,4.81,
Devirtualization.EqualityComparer.ValueTupleCompareWrapped,1.00,4.82,4.88,4.69,4.72,
System.Collections.Sort<BigStruct>.Array(Size: 512),1.00,18.65,19.00,19.80,19.70,
System.Collections.Sort<BigStruct>.Array_ComparerClass(Size: 512),1.00,2.14,2.18,2.08,2.09,
System.Collections.Sort<BigStruct>.Array_ComparerStruct(Size: 512),1.00,2.15,2.05,2.10,2.08,
System.Collections.Sort<BigStruct>.Array_Comparison(Size: 512),1.00,2.18,2.27,2.19,2.31,
System.Collections.Sort<BigStruct>.List(Size: 512),1.00,19.32,18.49,19.19,19.68,
System.Collections.Sort<BigStruct>.LinqQuery(Size: 512),1.00,3.37,3.60,3.40,3.42,
System.Collections.Sort<BigStruct>.LinqOrderByExtension(Size: 512),1.00,3.65,3.49,3.67,3.64,
System.Memory.ReadOnlyMemory<Char>.Pin(Size: 512),1.00,6.97,7.31,7.35,7.26,
System.Memory.ReadOnlyMemory<Char>.ToArray(Size: 512),1.00,7.46,7.45,7.41,7.30,
System.Collections.TryGetValueFalse<String; String>.IDictionary(Size: 512),1.00,1.95,1.97,1.99,1.99,
Benchstone.BenchI.Ackermann.Test,1.00,1.45,1.39,1.43,1.46,
System.Tests.Perf_StringBuilder.ctor,1.00,1.57,1.59,1.63,1.59,
System.Tests.Perf_StringBuilder.StringConcat,1.00,2.88,3.07,2.93,3.02,
System.Tests.Perf_StringBuilder.StringBuilderAppend,1.00,5.08,4.87,4.97,5.03,
System.Tests.Perf_StringBuilder.Append_ValueTypes,1.00,2.48,2.59,2.52,2.49,
System.Tests.Perf_StringBuilder.StringBuilderToString,1.00,3.81,3.82,3.85,3.92,
System.Tests.Perf_StringBuilder.AppendMemory,1.00,6.57,7.01,6.57,6.60,
System.Tests.Perf_StringBuilder.Append(length: 0),1.00,1.58,1.58,1.66,1.62,
System.Tests.Perf_StringBuilder.ctor_string(length: 100),1.00,3.89,3.91,4.02,3.86,
System.Tests.Perf_StringBuilder.Append(length: 200),1.00,3.11,3.16,3.14,3.28,
System.Tests.Perf_StringBuilder.ctor_string(length: 1000),1.00,6.39,6.56,6.68,6.34,
Benchstone.BenchI.HeapSort.Test,1.00,1.38,1.42,1.42,1.39,
System.Collections.AddGivenSize<String>.ICollection(Size: 512),1.00,1.78,1.84,1.86,1.85,
System.Collections.AddGivenSize<String>.IDictionary(Size: 512),1.00,2.66,2.70,2.56,2.56,
PerfLabTests.DelegatePerf.DelegateInvoke,1.00,1.43,1.14,1.16,1.44,
PerfLabTests.DelegatePerf.MulticastDelegateCombineInvoke,1.00,5.23,5.18,4.95,4.97,
PerfLabTests.DelegatePerf.MulticastDelegateInvoke(length: 100),1.00,0.72,0.73,0.75,0.75,
PerfLabTests.DelegatePerf.MulticastDelegateInvoke(length: 1000),1.00,0.76,0.76,0.75,0.76,
BenchmarksGame.SpectralNorm_1.RunBench,1.00,2.66,2.66,2.66,2.66,
MicroBenchmarks.Serializers.Xml_FromStream<CollectionsOfPrimitives>.XmlSerializer_,1.00,3.06,3.06,3.21,3.10,
Benchstone.BenchF.LLoops.Test,1.00,1.36,1.39,1.36,1.41,
Benchstone.BenchI.Fib.Test,1.00,1.43,1.20,1.24,1.21,
System.Memory.Slice<String>.SpanStart,1.00,1.96,1.81,1.81,1.84,
System.Memory.Slice<String>.SpanStartLength,1.00,1.77,1.77,1.77,1.76,
System.Memory.Slice<String>.ReadOnlySpanStart,1.00,1.85,1.83,1.87,1.85,
System.Memory.Slice<String>.ReadOnlySpanStartLength,1.00,1.95,2.02,1.95,1.95,
System.Memory.Slice<String>.MemoryStart,1.00,1.90,1.82,1.82,1.88,
System.Memory.Slice<String>.MemoryStartSpan,1.00,1.91,1.91,1.92,1.95,
System.Memory.Slice<String>.MemoryStartLength,1.00,1.86,1.83,1.88,1.83,
System.Memory.Slice<String>.MemoryStartLengthSpan,1.00,1.85,1.88,1.89,1.90,
System.Memory.Slice<String>.ReadOnlyMemoryStart,1.00,1.96,1.92,1.93,1.93,
System.Memory.Slice<String>.ReadOnlyMemoryStartSpan,1.00,1.93,1.99,1.93,2.03,
System.Memory.Slice<String>.ReadOnlyMemoryStartLength,1.00,1.96,1.94,2.00,1.94,
System.Memory.Slice<String>.ReadOnlyMemoryStartLengthSpan,1.00,1.94,1.95,1.94,1.95,
System.Memory.Slice<String>.MemorySpanStart,1.00,1.94,1.95,1.96,1.98,
System.Memory.Slice<String>.MemorySpanStartLength,1.00,1.88,1.88,1.93,1.93,
System.Memory.Slice<String>.ReadOnlyMemorySpanStart,1.00,2.03,2.03,2.17,2.04,
System.Memory.Slice<String>.ReadOnlyMemorySpanStartLength,1.00,2.00,2.00,2.02,2.00,
Exceptions.Handling.ThrowAndCatch(kind: Software),1.00,0.47,0.47,0.47,0.49,
Exceptions.Handling.ThrowAndCatch_ManyCatchBlocks(kind: Software),1.00,0.61,0.62,0.60,0.62,
Exceptions.Handling.ThrowAndCatchFinally(kind: Software),1.00,0.47,0.47,0.48,0.49,
Exceptions.Handling.ThrowAndCatchWhen(kind: Software),1.00,0.46,0.46,0.45,0.45,
Exceptions.Handling.ThrowAndCatchWhenFinally(kind: Software),1.00,0.44,0.44,0.47,0.45,
Exceptions.Handling.ThrowAndCatchDeep(kind: Software),1.00,0.83,0.84,0.83,0.82,
Exceptions.Handling.ThrowAndCatchDeepRecursive(kind: Software),1.00,0.87,0.87,0.86,0.90,
Exceptions.Handling.MultipleNestedTryCatch_FirstCatches(kind: Software),1.00,0.48,0.53,0.48,0.47,
Exceptions.Handling.MultipleNestedTryCatch_LastCatches(kind: Software),1.00,0.54,0.54,0.53,0.55,
Exceptions.Handling.MultipleNestedTryFinally(kind: Software),1.00,0.51,0.53,0.52,0.50,
Exceptions.Handling.CatchAndRethrowDeep(kind: Software),1.00,0.31,0.31,0.31,0.32,
Exceptions.Handling.CatchAndThrowOtherDeep(kind: Software),1.00,0.24,0.23,0.24,0.24,
Exceptions.Handling.TryAndFinallyDeep(kind: Software),1.00,0.86,0.85,0.85,0.92,
Exceptions.Handling.TryAndCatchDeep_CaugtAtTheTop(kind: Software),1.00,1.01,0.98,0.97,0.99,
Exceptions.Handling.ThrowAndCatch(kind: Hardware),1.00,0.03,0.03,0.03,0.03,
Exceptions.Handling.ThrowAndCatch_ManyCatchBlocks(kind: Hardware),1.00,0.03,0.03,0.03,0.03,
Exceptions.Handling.ThrowAndCatchFinally(kind: Hardware),1.00,0.03,0.03,0.03,0.03,
Exceptions.Handling.ThrowAndCatchWhen(kind: Hardware),1.00,0.03,0.02,0.03,0.03,
Exceptions.Handling.ThrowAndCatchWhenFinally(kind: Hardware),1.00,0.03,0.03,0.03,0.03,
Exceptions.Handling.ThrowAndCatchDeep(kind: Hardware),1.00,0.06,0.06,0.07,0.07,
Exceptions.Handling.ThrowAndCatchDeepRecursive(kind: Hardware),1.00,0.07,0.07,0.07,0.07,
Exceptions.Handling.MultipleNestedTryCatch_FirstCatches(kind: Hardware),1.00,0.03,0.03,0.03,0.03,
Exceptions.Handling.MultipleNestedTryCatch_LastCatches(kind: Hardware),1.00,0.03,0.03,0.03,0.03,
Exceptions.Handling.MultipleNestedTryFinally(kind: Hardware),1.00,0.03,0.03,0.03,0.03,
Exceptions.Handling.CatchAndRethrowDeep(kind: Hardware),1.00,0.13,0.13,0.14,0.13,
Exceptions.Handling.CatchAndThrowOtherDeep(kind: Hardware),1.00,0.10,0.10,0.10,0.10,
Exceptions.Handling.TryAndFinallyDeep(kind: Hardware),1.00,0.07,0.07,0.07,0.07,
Exceptions.Handling.TryAndCatchDeep_CaugtAtTheTop(kind: Hardware),1.00,0.08,0.08,0.08,0.08,
Exceptions.Handling.ThrowAndCatch(kind: ReflectionSoftware),1.00,0.59,1.00,0.91,0.60,
Exceptions.Handling.ThrowAndCatch_ManyCatchBlocks(kind: ReflectionSoftware),1.00,0.64,0.95,0.98,0.62,
Exceptions.Handling.ThrowAndCatchDeep(kind: ReflectionSoftware),1.00,0.67,1.00,1.00,0.70,
Exceptions.Handling.ThrowAndCatchDeepRecursive(kind: ReflectionSoftware),1.00,0.74,1.06,1.09,0.71,
Exceptions.Handling.ThrowAndCatch(kind: ReflectionHardware),1.00,0.07,0.10,0.10,0.07,
Exceptions.Handling.ThrowAndCatch_ManyCatchBlocks(kind: ReflectionHardware),1.00,0.08,0.12,0.12,0.08,
Exceptions.Handling.ThrowAndCatchDeep(kind: ReflectionHardware),1.00,0.11,0.15,0.15,0.11,
Exceptions.Handling.ThrowAndCatchDeepRecursive(kind: ReflectionHardware),1.00,0.11,0.16,0.16,0.11,
Benchstone.BenchF.FFT.Test,1.00,2.33,2.39,2.38,2.33,
System.Reflection.Activator<EmptyStruct>.CreateInstanceGeneric,SMALL,SMALL,SMALL,SMALL,SMALL,
System.Reflection.Activator<EmptyStruct>.CreateInstanceType,1.00,28.63,30.69,30.08,29.23,
System.Reflection.Activator<EmptyStruct>.CreateInstanceNames,1.00,3.90,4.00,4.14,4.13,
BenchmarksGame.RegexRedux_1.RunBench,1.00,1.27,1.27,1.35,1.27,
System.Collections.IterateFor<Int32>.Array(Size: 512),1.00,1.93,1.90,1.67,1.69,
System.Collections.IterateFor<Int32>.Span(Size: 512),1.00,2.94,3.00,3.00,2.95,
System.Collections.IterateFor<Int32>.ReadOnlySpan(Size: 512),1.00,2.96,2.96,2.96,2.83,
System.Collections.IterateFor<Int32>.List(Size: 512),1.00,5.45,5.42,5.46,5.44,
System.Collections.IterateFor<Int32>.IList(Size: 512),1.00,1.25,1.25,1.26,1.27,
System.Collections.IterateFor<Int32>.ImmutableArray(Size: 512),1.00,2.19,1.73,1.71,1.74,
System.Collections.IterateFor<Int32>.ImmutableList(Size: 512),1.00,2.24,2.23,2.28,2.31,
System.Collections.IterateFor<Int32>.ImmutableSortedSet(Size: 512),1.00,2.42,2.35,2.53,2.40,
System.MathBenchmarks.MathTests.DivRemInt32,SMALL,SMALL,SMALL,SMALL,SMALL,
System.MathBenchmarks.MathTests.DivRemInt64,1.00,0.96,0.98,0.97,0.97,
System.Collections.TryGetValueFalse<Int32; Int32>.IDictionary(Size: 512),1.00,3.33,3.24,3.36,3.31,
System.Buffers.Binary.Tests.BinaryReadAndWriteTests.ReadStructAndReverseBE,1.00,2.83,2.83,2.92,2.82,
System.Buffers.Binary.Tests.BinaryReadAndWriteTests.ReadStructAndReverseLE,1.00,4.13,4.24,4.15,4.03,
System.Buffers.Binary.Tests.BinaryReadAndWriteTests.ReadStructFieldByFieldBE,1.00,15.11,15.11,15.17,15.39,
System.Buffers.Binary.Tests.BinaryReadAndWriteTests.ReadStructFieldByFieldLE,1.00,16.61,17.30,16.62,16.64,
System.Buffers.Binary.Tests.BinaryReadAndWriteTests.ReadStructFieldByFieldUsingBitConverterLE,1.00,2.25,2.20,2.25,2.25,
System.Buffers.Binary.Tests.BinaryReadAndWriteTests.ReadStructFieldByFieldUsingBitConverterBE,1.00,2.27,2.30,2.25,2.26,
System.Buffers.Binary.Tests.BinaryReadAndWriteTests.MeasureReverseEndianness,1.00,3.49,3.49,3.49,3.72,
System.Buffers.Binary.Tests.BinaryReadAndWriteTests.MeasureReverseUsingNtoH,1.00,8.18,8.15,8.84,8.12,
System.Collections.ContainsKeyTrue<String; String>.IDictionary(Size: 512),1.00,2.07,2.05,2.07,2.21,
Benchstone.BenchI.Midpoint.Test,1.00,1.56,1.56,1.62,1.57,
Benchstone.BenchI.TreeSort.Test,1.00,1.28,1.34,1.35,1.28,
System.Memory.Constructors_ValueTypesOnly<Byte>.SpanFromPointerLength,1.00,2.69,2.68,2.80,2.83,
System.Memory.Constructors_ValueTypesOnly<Byte>.ReadOnlyFromPointerLength,1.00,2.74,2.90,2.69,2.70,
GuardedDevirtualization.ThreeClassVirtual.Call(testInput: pB=0.00 pD=0.00),SMALL,SMALL,SMALL,SMALL,SMALL,
GuardedDevirtualization.ThreeClassVirtual.Call(testInput: pB=0.00 pD=0.33),1.00,1.09,1.14,1.14,1.13,
GuardedDevirtualization.ThreeClassVirtual.Call(testInput: pB=0.00 pD=0.67),1.00,1.08,1.10,1.15,1.11,
GuardedDevirtualization.ThreeClassVirtual.Call(testInput: pB=0.00 pD=1.00),SMALL,SMALL,SMALL,SMALL,SMALL,
GuardedDevirtualization.ThreeClassVirtual.Call(testInput: pB=0.33 pD=0.00),1.00,1.12,1.22,1.19,1.12,
GuardedDevirtualization.ThreeClassVirtual.Call(testInput: pB=0.33 pD=0.33),1.00,1.22,1.24,1.22,1.22,
GuardedDevirtualization.ThreeClassVirtual.Call(testInput: pB=0.33 pD=0.67),1.00,1.12,1.16,1.13,1.12,
GuardedDevirtualization.ThreeClassVirtual.Call(testInput: pB=0.67 pD=0.00),1.00,1.10,1.17,1.15,1.17,
GuardedDevirtualization.ThreeClassVirtual.Call(testInput: pB=0.67 pD=0.33),1.00,1.10,1.10,1.10,1.10,
GuardedDevirtualization.ThreeClassVirtual.Call(testInput: pB=1.00 pD=0.00),SMALL,SMALL,SMALL,SMALL,SMALL,
Benchstone.BenchF.Adams.Test,1.00,1.86,1.88,1.94,1.87,
System.Memory.ReadOnlyMemory<Byte>.Pin(Size: 512),1.00,7.72,7.20,7.55,7.46,
System.Memory.ReadOnlyMemory<Byte>.ToArray(Size: 512),1.00,6.22,6.25,6.21,6.39,
GuardedDevirtualization.TwoClassVirtual.Call(testInput: pB = 0.00),SMALL,SMALL,SMALL,SMALL,SMALL,
GuardedDevirtualization.TwoClassVirtual.Call(testInput: pB = 0.10),SMALL,SMALL,SMALL,SMALL,SMALL,
GuardedDevirtualization.TwoClassVirtual.Call(testInput: pB = 0.20),SMALL,SMALL,SMALL,SMALL,SMALL,
GuardedDevirtualization.TwoClassVirtual.Call(testInput: pB = 0.30),1.00,1.14,1.20,1.10,1.12,
GuardedDevirtualization.TwoClassVirtual.Call(testInput: pB = 0.40),1.00,1.10,1.09,1.09,1.10,
GuardedDevirtualization.TwoClassVirtual.Call(testInput: pB = 0.50),1.00,1.11,1.07,1.05,1.06,
GuardedDevirtualization.TwoClassVirtual.Call(testInput: pB = 0.60),1.00,1.09,1.18,1.23,1.09,
GuardedDevirtualization.TwoClassVirtual.Call(testInput: pB = 0.70),1.00,1.15,1.19,1.14,1.13,
GuardedDevirtualization.TwoClassVirtual.Call(testInput: pB = 0.80),SMALL,SMALL,SMALL,SMALL,SMALL,
GuardedDevirtualization.TwoClassVirtual.Call(testInput: pB = 0.90),SMALL,SMALL,SMALL,SMALL,SMALL,
GuardedDevirtualization.TwoClassVirtual.Call(testInput: pB = 1.00),SMALL,SMALL,SMALL,SMALL,SMALL,
MicroBenchmarks.Serializers.Json_ToString<Location>.JsonNet_,1.00,6.13,5.64,6.58,5.75,
Benchstone.BenchI.Puzzle.Test,1.00,1.31,1.30,1.32,1.31,
System.Collections.TryGetValueTrue<String; String>.IDictionary(Size: 512),1.00,1.92,1.90,1.93,1.92,
PerfLabTests.CastingPerf.ObjFooIsObj,1.00,0.31,0.31,0.32,0.32,
PerfLabTests.CastingPerf.ObjFooIsObj2,1.00,0.32,0.42,0.42,0.31,
PerfLabTests.CastingPerf.ObjObjIsFoo,1.00,0.10,0.10,0.10,0.11,
PerfLabTests.CastingPerf.FooObjIsFoo,1.00,0.26,0.27,0.26,0.26,
PerfLabTests.CastingPerf.FooObjIsFoo2,1.00,0.26,0.26,0.27,0.27,
PerfLabTests.CastingPerf.FooObjIsNull,1.00,0.32,0.31,0.31,0.31,
PerfLabTests.CastingPerf.FooObjIsDescendant,1.00,0.09,0.09,0.09,0.09,
PerfLabTests.CastingPerf.IFooFooIsIFoo,1.00,0.32,0.31,0.41,0.33,
PerfLabTests.CastingPerf.IFooObjIsIFoo,1.00,0.10,0.10,0.10,0.10,
PerfLabTests.CastingPerf.IFooObjIsIFooInterAlia,1.00,0.12,0.12,0.12,0.12,
PerfLabTests.CastingPerf.IFooObjIsDescendantOfIFoo,1.00,0.11,0.11,0.11,0.11,
PerfLabTests.CastingPerf.ObjInt,1.00,0.31,0.32,0.31,0.32,
PerfLabTests.CastingPerf.IntObj,1.00,0.27,0.26,0.26,0.26,
PerfLabTests.CastingPerf.ObjScalarValueType,1.00,0.31,0.31,0.31,0.32,
PerfLabTests.CastingPerf.ScalarValueTypeObj,1.00,0.26,0.26,0.27,0.26,
PerfLabTests.CastingPerf.ObjObjrefValueType,1.00,0.32,0.31,0.31,0.32,
PerfLabTests.CastingPerf.ObjrefValueTypeObj,1.00,0.27,0.26,0.27,0.26,
PerfLabTests.CastingPerf.FooObjCastIfIsa,1.00,0.29,0.29,0.28,0.30,
PerfLabTests.CastingPerf.CheckObjIsInterfaceYes,1.00,0.97,1.01,1.10,1.00,
PerfLabTests.CastingPerf.CheckObjIsInterfaceNo,1.00,0.60,0.64,0.65,0.62,
PerfLabTests.CastingPerf.CheckIsInstAnyIsInterfaceYes,1.00,0.97,0.99,1.01,0.95,
PerfLabTests.CastingPerf.CheckIsInstAnyIsInterfaceNo,1.00,0.60,0.64,0.63,0.61,
PerfLabTests.CastingPerf.CheckArrayIsInterfaceYes,1.00,0.14,0.14,0.15,0.14,
PerfLabTests.CastingPerf.CheckArrayIsInterfaceNo,1.00,0.14,0.13,0.12,0.13,
V8.Richards.Support.Bench,1.00,1.03,1.01,1.05,1.05,
LinqBenchmarks.Where00LinqQueryX,1.00,1.59,1.61,1.65,1.61,
LinqBenchmarks.Where00LinqMethodX,1.00,1.48,1.49,1.49,1.49,
LinqBenchmarks.Where00ForX,1.00,1.47,1.41,1.47,1.47,
LinqBenchmarks.Where01LinqQueryX,1.00,2.42,2.43,2.58,2.42,
LinqBenchmarks.Where01LinqMethodX,1.00,2.38,2.37,2.36,2.40,
LinqBenchmarks.Where01LinqMethodNestedX,1.00,2.34,2.42,2.44,2.35,
LinqBenchmarks.Where01ForX,1.00,2.31,2.23,2.23,2.24,
LinqBenchmarks.Count00LinqMethodX,1.00,1.14,1.16,1.17,1.17,
LinqBenchmarks.Count00ForX,1.00,1.01,0.97,1.00,1.00,
LinqBenchmarks.Order00LinqQueryX,1.00,2.25,2.31,2.34,2.36,
LinqBenchmarks.Order00LinqMethodX,1.00,2.25,2.19,2.23,2.19,
LinqBenchmarks.Order00ManualX,1.00,2.27,2.29,2.39,2.33,
Benchstone.BenchF.InvMt.Test,1.00,2.22,2.22,2.26,2.22,
Benchstone.BenchF.InProd.Test,1.00,2.17,2.13,2.13,2.35,
MicroBenchmarks.Serializers.Json_FromString<CollectionsOfPrimitives>.JsonNet_,1.00,2.12,2.15,2.17,2.26,
System.Collections.ContainsKeyTrue<Int32; Int32>.IDictionary(Size: 512),1.00,4.53,4.48,4.68,4.54,
MicroBenchmarks.Serializers.Json_FromStream<CollectionsOfPrimitives>.JsonNet_,1.00,2.73,2.55,2.60,2.83,
MicroBenchmarks.Serializers.Json_FromStream<CollectionsOfPrimitives>.DataContractJsonSerializer_,1.00,6.74,3.07,3.08,6.62,
BenchmarksGame.BinaryTrees_2.RunBench,1.00,2.10,2.21,2.25,2.21,
System.Collections.IndexerSet<Int32>.Array(Size: 512),1.00,2.38,2.74,2.76,2.47,
System.Collections.IndexerSet<Int32>.Span(Size: 512),1.00,3.27,3.19,3.18,3.17,
System.Collections.IndexerSet<Int32>.List(Size: 512),1.00,2.60,2.67,2.53,2.65,
System.Collections.IndexerSet<Int32>.IList(Size: 512),1.00,1.66,1.55,1.54,1.68,
System.Collections.IndexerSet<Int32>.Dictionary(Size: 512),1.00,4.25,4.28,4.27,4.32,
System.Collections.IndexerSet<Int32>.SortedList(Size: 512),1.00,4.41,4.60,4.56,4.60,
System.Collections.IndexerSet<Int32>.SortedDictionary(Size: 512),1.00,2.11,2.09,2.11,2.13,
System.Collections.IndexerSet<Int32>.ConcurrentDictionary(Size: 512),1.00,2.74,2.84,2.76,2.75,
Benchstone.BenchF.DMath.Test,1.00,2.97,2.96,3.06,3.04,
System.Collections.CopyTo<String>.Array(Size: 2048),1.00,29.23,28.98,30.14,29.28,
System.Collections.CopyTo<String>.Span(Size: 2048),1.00,9.51,9.73,9.49,9.48,
System.Collections.CopyTo<String>.ReadOnlySpan(Size: 2048),1.00,9.23,9.25,9.79,9.48,
System.Collections.CopyTo<String>.Memory(Size: 2048),1.00,9.42,9.34,9.06,9.05,
System.Collections.CopyTo<String>.ReadOnlyMemory(Size: 2048),1.00,8.63,8.46,8.49,8.42,
System.Collections.CopyTo<String>.List(Size: 2048),1.00,29.22,29.17,30.20,30.18,
System.Collections.CopyTo<String>.ImmutableArray(Size: 2048),1.00,20.88,20.12,20.05,20.03,
MicroBenchmarks.Serializers.Json_ToString<CollectionsOfPrimitives>.JsonNet_,1.00,2.63,2.53,2.70,2.67,
MicroBenchmarks.Serializers.Json_ToStream<CollectionsOfPrimitives>.JsonNet_,1.00,3.73,3.67,3.68,3.94,
MicroBenchmarks.Serializers.Json_ToStream<CollectionsOfPrimitives>.DataContractJsonSerializer_,1.00,5.26,2.84,2.86,5.27,
Benchstone.BenchF.BenchMrk.Test,1.00,3.20,3.20,3.30,3.29,
Benchstone.BenchI.Array1.Test,1.00,1.22,1.22,1.24,1.24,
BenchmarksGame.Fasta_2.RunBench,1.00,1.38,1.30,1.30,1.30,
BenchmarksGame.Mandelbrot_2.Bench(width: 4000; checksum: "C7-E6-66-43-66-73-F8-A8-D3-B4-D7-97-2F-FC-...,1.00,1.66,1.66,1.70,1.69,
System.MathBenchmarks.Double.Abs,1.00,2.22,2.22,2.25,2.28,
System.MathBenchmarks.Double.Acos,1.00,1.90,1.91,1.95,1.90,
System.MathBenchmarks.Double.Acosh,1.00,1.51,1.45,1.45,1.52,
System.MathBenchmarks.Double.Asin,1.00,1.98,1.92,1.92,1.92,
System.MathBenchmarks.Double.Asinh,1.00,1.47,1.47,1.50,1.48,
System.MathBenchmarks.Double.Atan2,1.00,1.49,1.48,1.53,1.45,
System.MathBenchmarks.Double.Atan,1.00,1.62,1.60,1.60,1.67,
System.MathBenchmarks.Double.Atanh,1.00,1.65,1.68,1.64,1.64,
System.MathBenchmarks.Double.Cbrt,1.00,1.45,1.45,1.52,1.49,
System.MathBenchmarks.Double.Ceiling,1.00,2.32,2.35,2.27,2.27,
System.MathBenchmarks.Double.Cos,1.00,3.01,3.04,3.01,3.09,
System.MathBenchmarks.Double.Cosh,1.00,1.70,1.66,1.71,1.63,
System.MathBenchmarks.Double.Exp,1.00,1.53,1.54,1.52,1.58,
System.MathBenchmarks.Double.Floor,1.00,2.26,2.33,2.27,2.26,
System.MathBenchmarks.Double.FusedMultiplyAdd,1.00,8.19,8.18,8.22,8.87,
System.MathBenchmarks.Double.ILogB,1.00,1.27,1.27,1.27,1.30,
System.MathBenchmarks.Double.Log10,1.00,1.44,1.45,1.45,1.45,
System.MathBenchmarks.Double.Log2,1.00,1.82,1.82,1.83,1.82,
System.MathBenchmarks.Double.Log,1.00,1.55,1.68,1.55,1.56,
System.MathBenchmarks.Double.Pow,1.00,1.19,1.17,1.20,1.17,
System.MathBenchmarks.Double.Round,1.00,2.23,2.23,2.23,2.23,
System.MathBenchmarks.Double.ScaleB,1.00,1.97,2.07,1.92,1.86,
System.MathBenchmarks.Double.Sin,1.00,3.29,3.28,3.28,3.24,
System.MathBenchmarks.Double.Sinh,1.00,1.59,1.66,1.66,1.69,
System.MathBenchmarks.Double.Sqrt,1.00,1.75,1.74,1.75,1.77,
System.MathBenchmarks.Double.Tan,1.00,1.43,1.47,1.46,1.49,
System.MathBenchmarks.Double.Tanh,1.00,1.66,1.64,1.64,1.65,
System.Globalization.Tests.StringEquality.Compare_Same(Count: 1024; Options: (; IgnoreCase)),1.00,1.23,1.28,1.30,1.28,
System.Globalization.Tests.StringEquality.Compare_Same_Upper(Count: 1024; Options: (; IgnoreCase)),1.00,1.05,1.03,1.03,1.02,
System.Globalization.Tests.StringEquality.Compare_DifferentFirstChar(Count: 1024; Options: (; Ignore...,1.00,4.90,5.72,5.77,4.95,
System.Globalization.Tests.StringEquality.Compare_Same(Count: 1024; Options: (; None)),1.00,1.23,1.25,1.25,1.21,
System.Globalization.Tests.StringEquality.Compare_Same_Upper(Count: 1024; Options: (; None)),1.00,1.00,1.01,1.01,1.04,
System.Globalization.Tests.StringEquality.Compare_DifferentFirstChar(Count: 1024; Options: (; None)),1.00,4.95,5.64,5.71,4.80,
System.Globalization.Tests.StringEquality.Compare_Same(Count: 1024; Options: (en-US; IgnoreCase)),1.00,1.23,1.31,1.28,1.28,
System.Globalization.Tests.StringEquality.Compare_Same_Upper(Count: 1024; Options: (en-US; IgnoreCas...,1.00,1.02,1.06,1.03,1.03,
System.Globalization.Tests.StringEquality.Compare_DifferentFirstChar(Count: 1024; Options: (en-US; I...,1.00,4.76,5.43,5.68,4.79,
System.Globalization.Tests.StringEquality.Compare_Same(Count: 1024; Options: (en-US; IgnoreNonSpace)...,1.00,1.23,1.31,1.26,1.21,
System.Globalization.Tests.StringEquality.Compare_Same_Upper(Count: 1024; Options: (en-US; IgnoreNon...,1.00,1.07,1.11,1.15,1.09,
System.Globalization.Tests.StringEquality.Compare_DifferentFirstChar(Count: 1024; Options: (en-US; I...,1.00,4.77,6.02,5.72,4.76,
System.Globalization.Tests.StringEquality.Compare_Same(Count: 1024; Options: (en-US; IgnoreSymbols)),1.00,1.20,1.25,1.34,1.21,
System.Globalization.Tests.StringEquality.Compare_Same_Upper(Count: 1024; Options: (en-US; IgnoreSym...,1.00,1.02,1.04,1.03,1.02,
System.Globalization.Tests.StringEquality.Compare_DifferentFirstChar(Count: 1024; Options: (en-US; I...,1.00,1.01,1.01,1.01,1.00,
System.Globalization.Tests.StringEquality.Compare_Same(Count: 1024; Options: (en-US; None)),1.00,1.29,1.30,1.27,1.32,
System.Globalization.Tests.StringEquality.Compare_Same_Upper(Count: 1024; Options: (en-US; None)),1.00,1.02,1.03,1.05,1.02,
System.Globalization.Tests.StringEquality.Compare_DifferentFirstChar(Count: 1024; Options: (en-US; N...,1.00,5.13,5.97,5.89,4.81,
System.Globalization.Tests.StringEquality.Compare_Same(Count: 1024; Options: (en-US; Ordinal)),1.00,5.26,5.24,5.24,5.29,
System.Globalization.Tests.StringEquality.Compare_Same_Upper(Count: 1024; Options: (en-US; Ordinal)),1.00,3.01,3.07,3.06,2.93,
System.Globalization.Tests.StringEquality.Compare_DifferentFirstChar(Count: 1024; Options: (en-US; O...,1.00,1.44,1.35,1.35,1.35,
System.Globalization.Tests.StringEquality.Compare_Same(Count: 1024; Options: (en-US; OrdinalIgnoreCa...,1.00,2.82,3.58,3.54,2.82,
System.Globalization.Tests.StringEquality.Compare_Same_Upper(Count: 1024; Options: (en-US; OrdinalIg...,1.00,3.66,3.56,3.60,3.65,
System.Globalization.Tests.StringEquality.Compare_DifferentFirstChar(Count: 1024; Options: (en-US; O...,1.00,1.19,1.28,1.22,1.25,
System.Globalization.Tests.StringEquality.Compare_Same(Count: 1024; Options: (pl-PL; None)),1.00,1.23,1.27,1.36,1.23,
System.Globalization.Tests.StringEquality.Compare_Same_Upper(Count: 1024; Options: (pl-PL; None)),1.00,1.03,1.10,1.07,1.03,
System.Globalization.Tests.StringEquality.Compare_DifferentFirstChar(Count: 1024; Options: (pl-PL; N...,1.00,4.98,5.67,5.59,4.64,
Inlining.InlineGCStruct.WithFormat,SMALL,SMALL,SMALL,SMALL,SMALL,
Inlining.InlineGCStruct.WithoutFormat,SMALL,SMALL,SMALL,SMALL,SMALL,
Benchstone.BenchI.TreeInsert.Test,1.00,1.51,1.50,1.48,1.52,
BenchmarksGame.KNucleotide_1.RunBench,1.00,1.95,1.98,2.05,2.05,
Benchstone.BenchI.BubbleSort2.Test,1.00,1.75,1.90,1.91,1.75,
MicroBenchmarks.Serializers.Json_FromString<Location>.JsonNet_,1.00,1.97,2.00,1.96,1.95,
MicroBenchmarks.Serializers.Xml_FromStream<XmlElement>.XmlSerializer_,1.00,3.46,2.92,2.94,3.52,
System.Memory.MemoryMarshal<Int32>.GetReference,SMALL,SMALL,SMALL,SMALL,SMALL,
System.Memory.MemoryMarshal<Int32>.AsBytes,SMALL,SMALL,SMALL,SMALL,SMALL,
System.Memory.MemoryMarshal<Int32>.CastToByte,SMALL,SMALL,SMALL,SMALL,SMALL,
System.Memory.MemoryMarshal<Int32>.CastToInt,SMALL,SMALL,SMALL,SMALL,SMALL,
System.Memory.MemoryMarshal<Int32>.TryGetArray,SMALL,SMALL,SMALL,SMALL,SMALL,
System.Memory.MemoryMarshal<Int32>.Read,SMALL,SMALL,SMALL,SMALL,SMALL,
PerfLabTests.GetMember.GetField,1.00,59.20,57.80,60.11,59.38,
PerfLabTests.GetMember.GetMethod1,1.00,65.71,65.30,64.60,66.55,
PerfLabTests.GetMember.GetMethod2,1.00,65.65,66.84,65.97,64.36,
PerfLabTests.GetMember.GetMethod3,1.00,66.09,63.58,63.40,65.10,
PerfLabTests.GetMember.GetMethod4,1.00,67.07,65.17,63.83,63.00,
PerfLabTests.GetMember.GetMethod5,1.00,65.68,65.28,63.46,70.27,
PerfLabTests.GetMember.GetMethod10,1.00,70.40,66.05,67.92,65.22,
PerfLabTests.GetMember.GetMethod12,1.00,62.49,64.32,63.84,64.12,
PerfLabTests.GetMember.GetMethod15,1.00,65.63,67.24,64.89,69.68,
PerfLabTests.GetMember.GetMethod20,1.00,64.61,65.12,63.45,63.48,
Benchstone.BenchF.NewtE.Test,1.00,1.54,1.59,1.59,1.52,
SciMark2.kernel.benchFFT,1.00,2.48,2.48,2.54,2.53,
SciMark2.kernel.benchSOR,1.00,1.05,1.06,1.06,1.09,
SciMark2.kernel.benchMonteCarlo,1.00,1.13,1.11,1.14,1.13,
SciMark2.kernel.benchSparseMult,1.00,1.60,1.62,1.60,1.60,
SciMark2.kernel.benchmarkLU,1.00,1.55,1.51,1.54,1.56,
Benchstone.BenchI.LogicArray.Test,1.00,1.48,1.49,1.49,1.51,
System.Collections.ContainsTrue<String>.ICollection(Size: 512),1.00,2.47,2.56,2.72,2.46,
BenchmarksGame.ReverseComplement_1.RunBench,1.00,1.39,1.35,1.44,1.41,
System.Threading.Tests.Perf_Interlocked.Increment_int,1.00,0.94,0.94,0.94,0.94,
System.Threading.Tests.Perf_Interlocked.Decrement_int,1.00,0.98,0.97,0.97,0.98,
System.Threading.Tests.Perf_Interlocked.Increment_long,1.00,0.98,0.97,0.98,0.95,
System.Threading.Tests.Perf_Interlocked.Decrement_long,1.00,1.00,1.03,1.00,1.00,
System.Threading.Tests.Perf_Interlocked.Add_int,1.00,0.95,0.94,0.97,0.94,
System.Threading.Tests.Perf_Interlocked.Add_long,1.00,0.93,0.93,0.92,0.93,
System.Threading.Tests.Perf_Interlocked.Exchange_int,1.00,0.96,1.02,1.03,0.96,
System.Threading.Tests.Perf_Interlocked.Exchange_long,1.00,1.04,1.06,1.00,1.01,
System.Threading.Tests.Perf_Interlocked.CompareExchange_int,1.00,0.96,1.00,0.98,0.96,
System.Threading.Tests.Perf_Interlocked.CompareExchange_long,1.00,0.98,0.95,0.95,0.95,
System.Threading.Tests.Perf_Interlocked.CompareExchange_object_Match,1.00,1.25,1.24,1.33,1.32,
System.Threading.Tests.Perf_Interlocked.CompareExchange_object_NoMatch,1.00,1.12,1.12,1.09,1.11,


ubuntu 18.04
Intel Xeon Gold 5120 CPU 2.20GHz