Benchmark,dotnet_core,mono-net5-jit,mono-net5-llvm-jit
System.Memory.Span<Char>.Clear(Size: 512),1.00,1.02,0.99,
System.Memory.Span<Char>.Fill(Size: 512),1.00,0.99,1.03,
System.Memory.Span<Char>.Reverse(Size: 512),1.00,0.99,0.99,
System.Memory.Span<Char>.ToArray(Size: 512),1.00,0.96,0.98,
System.Memory.Span<Char>.SequenceEqual(Size: 512),1.00,0.99,1.01,
System.Memory.Span<Char>.SequenceCompareTo(Size: 512),1.00,0.94,0.99,
System.Memory.Span<Char>.StartsWith(Size: 512),1.00,0.96,1.04,
System.Memory.Span<Char>.EndsWith(Size: 512),1.00,1.00,1.03,
System.Memory.Span<Char>.IndexOfValue(Size: 512),1.00,0.99,0.99,
System.Memory.Span<Char>.IndexOfAnyTwoValues(Size: 512),1.00,0.97,0.93,
System.Memory.Span<Char>.IndexOfAnyThreeValues(Size: 512),1.00,1.01,0.93,
System.Memory.Span<Char>.IndexOfAnyFourValues(Size: 512),1.00,0.97,0.91,
System.Memory.Span<Char>.LastIndexOfValue(Size: 512),1.00,0.82,0.96,
System.Memory.Span<Char>.LastIndexOfAnyValues(Size: 512),1.00,0.95,0.95,
System.Memory.Span<Char>.BinarySearch(Size: 512),1.00,0.92,0.96,
System.Memory.Span<Char>.GetPinnableReference(Size: 512),SMALL,SMALL,SMALL,
System.Memory.ReadOnlySpan.StringAsSpan,SMALL,SMALL,SMALL,
System.Memory.ReadOnlySpan.GetPinnableReference,SMALL,SMALL,SMALL,
System.Memory.ReadOnlySpan.Trim(input: ""),1.00,1.01,1.05,
System.Memory.ReadOnlySpan.Trim(input: " abcdefg "),1.00,1.00,1.01,
System.Memory.ReadOnlySpan.IndexOfString(input: "AAAAA5AAAA"; value: "5"; comparisonType: InvariantC...,1.00,1.05,1.00,
System.Memory.ReadOnlySpan.IndexOfString(input: "AAAAAAAAAAAAAAAAAAAAAAAAAAAAAAAAAAAAAAAAAAAAAAAAAAA...,1.00,1.05,0.99,
System.Memory.ReadOnlySpan.IndexOfString(input: "AAAAAAAAAAAAAAAAAAAAAAAAAAAAAAAAAAAAAAAAAAAAAAAAAAA...,1.00,1.03,0.99,
System.Memory.ReadOnlySpan.IndexOfString(input: "AAAAAAAAAAAAAAAAAAAAAAAAAAAAAAAAAAAAAAAAAAAAAAAAAAA...,1.00,1.03,0.99,
System.Memory.ReadOnlySpan.IndexOfString(input: "ABCDE"; value: "c"; comparisonType: InvariantCultur...,1.00,1.03,0.98,
System.Memory.ReadOnlySpan.IndexOfString(input: "Hello Worldbbbbbbbbbbbbbbbbbbbbbbbbbbbbbbbbareallyr...,1.00,1.01,0.97,
System.Memory.ReadOnlySpan.IndexOfString(input: "Hello Worldbbbbbbbbbbbbbbbbbbbbbbbbbbbbbbbbbareally...,1.00,1.05,1.05,
System.Memory.ReadOnlySpan.IndexOfString(input: "Hello Worldbbbbbbbbbbbbbbcbbbbbbbbbbbbbbbbbbba!"; v...,1.00,0.99,1.06,
System.Memory.ReadOnlySpan.IndexOfString(input: "More Test's"; value: "Tests"; comparisonType: Ordin...,1.00,1.04,1.02,
System.Memory.ReadOnlySpan.IndexOfString(input: "StrIng"; value: "string"; comparisonType: OrdinalIg...,1.00,1.05,1.00,
System.Memory.ReadOnlySpan.Trim(input: "abcdefg"),1.00,1.01,1.02,
System.Memory.ReadOnlySpan.IndexOfString(input: "foobardzsdzs"; value: "rddzs"; comparisonType: Inva...,1.00,0.95,0.96,
System.Memory.ReadOnlySpan.IndexOfString(input: "string1"; value: "string2"; comparisonType: Invaria...,1.00,1.00,0.96,
System.Memory.ReadOnlySpan.IndexOfString(input: "だ"; value: "た"; comparisonType: InvariantCulture),1.00,0.95,0.98,
System.Memory.ReadOnlySpan.IndexOfString(input: "だだだだだだだだだだだだだだだだだだだだだだだだだだだだだだだだだだだだだだだだだだだだだだだだだだす...,1.00,1.01,0.96,
System.Memory.ReadOnlySpan.IndexOfString(input: "だだだだだだだだだだだだだだだだだだだだだだだだだだだだだだだだだだだだだだだだだだだだだだだだだだだ...,1.00,1.06,0.99,
System.Globalization.Tests.StringSearch.IsPrefix_FirstHalf(Options: (; IgnoreCase; False)),1.00,0.41,0.95,
System.Globalization.Tests.StringSearch.IsPrefix_DifferentFirstChar(Options: (; IgnoreCase; False)),1.00,1.00,1.03,
System.Globalization.Tests.StringSearch.IsSuffix_SecondHalf(Options: (; IgnoreCase; False)),1.00,0.62,1.03,
System.Globalization.Tests.StringSearch.IsSuffix_DifferentLastChar(Options: (; IgnoreCase; False)),1.00,12.18,1.05,
System.Globalization.Tests.StringSearch.IndexOf_Word_NotFound(Options: (; IgnoreCase; False)),1.00,3.95,1.00,
System.Globalization.Tests.StringSearch.LastIndexOf_Word_NotFound(Options: (; IgnoreCase; False)),1.00,3.71,1.07,
System.Globalization.Tests.StringSearch.IsPrefix_FirstHalf(Options: (; IgnoreCase; True)),1.00,6.62,1.02,
System.Globalization.Tests.StringSearch.IsPrefix_DifferentFirstChar(Options: (; IgnoreCase; True)),1.00,85.74,0.97,
System.Globalization.Tests.StringSearch.IsSuffix_SecondHalf(Options: (; IgnoreCase; True)),1.00,0.98,1.02,
System.Globalization.Tests.StringSearch.IsSuffix_DifferentLastChar(Options: (; IgnoreCase; True)),1.00,1.00,1.05,
System.Globalization.Tests.StringSearch.IndexOf_Word_NotFound(Options: (; IgnoreCase; True)),1.00,1.03,1.02,
System.Globalization.Tests.StringSearch.LastIndexOf_Word_NotFound(Options: (; IgnoreCase; True)),1.00,1.00,1.01,
System.Globalization.Tests.StringSearch.IsPrefix_FirstHalf(Options: (; None; False)),1.00,0.12,1.01,
System.Globalization.Tests.StringSearch.IsPrefix_DifferentFirstChar(Options: (; None; False)),1.00,0.96,1.01,
System.Globalization.Tests.StringSearch.IsSuffix_SecondHalf(Options: (; None; False)),1.00,0.13,0.98,
System.Globalization.Tests.StringSearch.IsSuffix_DifferentLastChar(Options: (; None; False)),1.00,1.69,0.97,
System.Globalization.Tests.StringSearch.IndexOf_Word_NotFound(Options: (; None; False)),1.00,0.16,0.98,
System.Globalization.Tests.StringSearch.LastIndexOf_Word_NotFound(Options: (; None; False)),1.00,0.70,0.99,
System.Globalization.Tests.StringSearch.IsPrefix_FirstHalf(Options: (; None; True)),1.00,6.57,0.95,
System.Globalization.Tests.StringSearch.IsPrefix_DifferentFirstChar(Options: (; None; True)),1.00,94.17,1.03,
System.Globalization.Tests.StringSearch.IsSuffix_SecondHalf(Options: (; None; True)),1.00,0.99,1.01,
System.Globalization.Tests.StringSearch.IsSuffix_DifferentLastChar(Options: (; None; True)),1.00,0.99,1.03,
System.Globalization.Tests.StringSearch.IndexOf_Word_NotFound(Options: (; None; True)),1.00,1.01,1.02,
System.Globalization.Tests.StringSearch.LastIndexOf_Word_NotFound(Options: (; None; True)),1.00,0.98,1.01,
System.Globalization.Tests.StringSearch.IsPrefix_FirstHalf(Options: (en-US; IgnoreCase; False)),1.00,0.45,1.04,
System.Globalization.Tests.StringSearch.IsPrefix_DifferentFirstChar(Options: (en-US; IgnoreCase; Fal...,1.00,1.06,1.02,
System.Globalization.Tests.StringSearch.IsSuffix_SecondHalf(Options: (en-US; IgnoreCase; False)),1.00,0.63,1.06,
System.Globalization.Tests.StringSearch.IsSuffix_DifferentLastChar(Options: (en-US; IgnoreCase; Fals...,1.00,12.84,0.99,
System.Globalization.Tests.StringSearch.IndexOf_Word_NotFound(Options: (en-US; IgnoreCase; False)),1.00,4.09,0.99,
System.Globalization.Tests.StringSearch.LastIndexOf_Word_NotFound(Options: (en-US; IgnoreCase; False...,1.00,3.73,0.94,
System.Globalization.Tests.StringSearch.IsPrefix_FirstHalf(Options: (en-US; IgnoreCase; True)),1.00,6.76,0.97,
System.Globalization.Tests.StringSearch.IsPrefix_DifferentFirstChar(Options: (en-US; IgnoreCase; Tru...,1.00,91.65,1.03,
System.Globalization.Tests.StringSearch.IsSuffix_SecondHalf(Options: (en-US; IgnoreCase; True)),1.00,0.98,0.99,
System.Globalization.Tests.StringSearch.IsSuffix_DifferentLastChar(Options: (en-US; IgnoreCase; True...,1.00,1.05,1.04,
System.Globalization.Tests.StringSearch.IndexOf_Word_NotFound(Options: (en-US; IgnoreCase; True)),1.00,0.99,0.94,
System.Globalization.Tests.StringSearch.LastIndexOf_Word_NotFound(Options: (en-US; IgnoreCase; True)...,1.00,0.97,1.00,
System.Globalization.Tests.StringSearch.IsPrefix_FirstHalf(Options: (en-US; IgnoreNonSpace; False)),1.00,0.12,1.00,
System.Globalization.Tests.StringSearch.IsPrefix_DifferentFirstChar(Options: (en-US; IgnoreNonSpace;...,1.00,0.79,0.86,
System.Globalization.Tests.StringSearch.IsSuffix_SecondHalf(Options: (en-US; IgnoreNonSpace; False)),1.00,0.13,0.95,
System.Globalization.Tests.StringSearch.IsSuffix_DifferentLastChar(Options: (en-US; IgnoreNonSpace; ...,1.00,1.65,0.98,
System.Globalization.Tests.StringSearch.IndexOf_Word_NotFound(Options: (en-US; IgnoreNonSpace; False...,1.00,0.15,0.95,
System.Globalization.Tests.StringSearch.LastIndexOf_Word_NotFound(Options: (en-US; IgnoreNonSpace; F...,1.00,0.70,0.96,
System.Globalization.Tests.StringSearch.IsPrefix_FirstHalf(Options: (en-US; IgnoreSymbols; False)),1.00,1.02,0.98,
System.Globalization.Tests.StringSearch.IsPrefix_DifferentFirstChar(Options: (en-US; IgnoreSymbols; ...,1.00,1.02,0.97,
System.Globalization.Tests.StringSearch.IsSuffix_SecondHalf(Options: (en-US; IgnoreSymbols; False)),1.00,1.03,1.07,
System.Globalization.Tests.StringSearch.IsSuffix_DifferentLastChar(Options: (en-US; IgnoreSymbols; F...,1.00,0.92,0.97,
System.Globalization.Tests.StringSearch.IndexOf_Word_NotFound(Options: (en-US; IgnoreSymbols; False)...,1.00,0.94,0.95,
System.Globalization.Tests.StringSearch.LastIndexOf_Word_NotFound(Options: (en-US; IgnoreSymbols; Fa...,1.00,0.96,0.96,
System.Globalization.Tests.StringSearch.IsPrefix_FirstHalf(Options: (en-US; None; False)),1.00,0.12,0.96,
System.Globalization.Tests.StringSearch.IsPrefix_DifferentFirstChar(Options: (en-US; None; False)),1.00,0.85,0.98,
System.Globalization.Tests.StringSearch.IsSuffix_SecondHalf(Options: (en-US; None; False)),1.00,0.13,0.99,
System.Globalization.Tests.StringSearch.IsSuffix_DifferentLastChar(Options: (en-US; None; False)),1.00,1.83,0.99,
System.Globalization.Tests.StringSearch.IndexOf_Word_NotFound(Options: (en-US; None; False)),1.00,0.18,1.04,
System.Globalization.Tests.StringSearch.LastIndexOf_Word_NotFound(Options: (en-US; None; False)),1.00,0.75,1.05,
System.Globalization.Tests.StringSearch.IsPrefix_FirstHalf(Options: (en-US; None; True)),1.00,7.35,0.99,
System.Globalization.Tests.StringSearch.IsPrefix_DifferentFirstChar(Options: (en-US; None; True)),1.00,101.40,1.01,
System.Globalization.Tests.StringSearch.IsSuffix_SecondHalf(Options: (en-US; None; True)),1.00,1.05,1.03,
System.Globalization.Tests.StringSearch.IsSuffix_DifferentLastChar(Options: (en-US; None; True)),1.00,1.03,0.96,
System.Globalization.Tests.StringSearch.IndexOf_Word_NotFound(Options: (en-US; None; True)),1.00,0.99,0.96,
System.Globalization.Tests.StringSearch.LastIndexOf_Word_NotFound(Options: (en-US; None; True)),1.00,0.98,0.94,
System.Globalization.Tests.StringSearch.IsPrefix_FirstHalf(Options: (en-US; Ordinal; False)),1.00,0.91,1.01,
System.Globalization.Tests.StringSearch.IsPrefix_DifferentFirstChar(Options: (en-US; Ordinal; False)...,1.00,0.79,1.03,
System.Globalization.Tests.StringSearch.IsSuffix_SecondHalf(Options: (en-US; Ordinal; False)),1.00,0.88,1.02,
System.Globalization.Tests.StringSearch.IsSuffix_DifferentLastChar(Options: (en-US; Ordinal; False)),1.00,0.96,1.01,
System.Globalization.Tests.StringSearch.IndexOf_Word_NotFound(Options: (en-US; Ordinal; False)),1.00,0.99,0.99,
System.Globalization.Tests.StringSearch.LastIndexOf_Word_NotFound(Options: (en-US; Ordinal; False)),1.00,1.00,1.01,
System.Globalization.Tests.StringSearch.IsPrefix_FirstHalf(Options: (en-US; OrdinalIgnoreCase; False...,1.00,0.98,1.03,
System.Globalization.Tests.StringSearch.IsPrefix_DifferentFirstChar(Options: (en-US; OrdinalIgnoreCa...,1.00,0.80,0.98,
System.Globalization.Tests.StringSearch.IsSuffix_SecondHalf(Options: (en-US; OrdinalIgnoreCase; Fals...,1.00,0.97,0.99,
System.Globalization.Tests.StringSearch.IsSuffix_DifferentLastChar(Options: (en-US; OrdinalIgnoreCas...,1.00,0.97,0.99,
System.Globalization.Tests.StringSearch.IndexOf_Word_NotFound(Options: (en-US; OrdinalIgnoreCase; Fa...,1.00,0.97,1.00,
System.Globalization.Tests.StringSearch.LastIndexOf_Word_NotFound(Options: (en-US; OrdinalIgnoreCase...,1.00,1.01,1.04,
System.Globalization.Tests.StringSearch.IsPrefix_FirstHalf(Options: (pl-PL; None; False)),1.00,4.82,1.05,
System.Globalization.Tests.StringSearch.IsPrefix_DifferentFirstChar(Options: (pl-PL; None; False)),1.00,118.07,1.04,
System.Globalization.Tests.StringSearch.IsSuffix_SecondHalf(Options: (pl-PL; None; False)),1.00,1.01,1.01,
System.Globalization.Tests.StringSearch.IsSuffix_DifferentLastChar(Options: (pl-PL; None; False)),1.00,1.00,1.02,
System.Globalization.Tests.StringSearch.IndexOf_Word_NotFound(Options: (pl-PL; None; False)),1.00,1.01,1.07,
System.Globalization.Tests.StringSearch.LastIndexOf_Word_NotFound(Options: (pl-PL; None; False)),1.00,0.99,1.05,
SeekUnroll.Test(boxedIndex: 1),1.00,0.99,0.97,
SeekUnroll.Test(boxedIndex: 3),1.00,0.99,0.96,
SeekUnroll.Test(boxedIndex: 11),1.00,1.00,1.00,
SeekUnroll.Test(boxedIndex: 19),1.00,1.17,1.08,
SeekUnroll.Test(boxedIndex: 27),1.00,0.94,1.04,
Benchstone.BenchI.QuickSort.Test,1.00,0.99,1.00,
MicroBenchmarks.Serializers.Xml_FromStream<SimpleStructWithProperties>.XmlSerializer_,1.00,0.99,0.99,
Burgers.Test0,1.00,0.97,0.98,
Burgers.Test1,1.00,0.98,0.97,
Burgers.Test2,1.00,1.03,1.00,
Burgers.Test3,1.00,0.99,1.00,
MicroBenchmarks.Serializers.Xml_ToStream<CollectionsOfPrimitives>.XmlSerializer_,1.00,1.00,0.99,
System.Collections.ContainsFalse<String>.ICollection(Size: 512),1.00,1.02,0.95,
BenchmarksGame.BinaryTrees_5.RunBench,1.00,1.01,1.00,
SIMD.RayTracerBench.Bench,1.00,1.01,0.99,
MicroBenchmarks.Serializers.Json_FromString<IndexViewModel>.JsonNet_,1.00,1.00,0.99,
GuardedDevirtualization.TwoClassInterface.Call(testInput: pB = 0.00),SMALL,SMALL,SMALL,
GuardedDevirtualization.TwoClassInterface.Call(testInput: pB = 0.10),SMALL,SMALL,SMALL,
GuardedDevirtualization.TwoClassInterface.Call(testInput: pB = 0.20),1.00,0.94,0.95,
GuardedDevirtualization.TwoClassInterface.Call(testInput: pB = 0.30),1.00,0.97,1.01,
GuardedDevirtualization.TwoClassInterface.Call(testInput: pB = 0.40),1.00,0.99,0.95,
GuardedDevirtualization.TwoClassInterface.Call(testInput: pB = 0.50),1.00,0.96,0.95,
GuardedDevirtualization.TwoClassInterface.Call(testInput: pB = 0.60),1.00,0.99,0.95,
GuardedDevirtualization.TwoClassInterface.Call(testInput: pB = 0.70),1.00,0.99,0.97,
GuardedDevirtualization.TwoClassInterface.Call(testInput: pB = 0.80),1.00,0.91,0.99,
GuardedDevirtualization.TwoClassInterface.Call(testInput: pB = 0.90),SMALL,SMALL,SMALL,
GuardedDevirtualization.TwoClassInterface.Call(testInput: pB = 1.00),SMALL,SMALL,SMALL,
Benchstone.BenchF.Bisect.Test,1.00,1.54,1.00,
PerfLabTests.StackWalk.Walk,1.00,1.00,0.99,
Benchstone.BenchF.Regula.Test,1.00,0.97,0.96,
System.Collections.IterateForEach<Int32>.IEnumerable(Size: 512),1.00,1.01,0.99,
System.Memory.Memory<Byte>.Pin(Size: 512),1.00,0.96,0.96,
System.Memory.Memory<Byte>.ToArray(Size: 512),1.00,1.01,1.03,
BenchmarksGame.ReverseComplement_6.RunBench,1.00,1.00,1.01,
BenchmarksGame.NBody_3.RunBench,1.00,1.00,1.00,
MicroBenchmarks.Serializers.Json_FromString<LoginViewModel>.JsonNet_,1.00,0.97,0.98,
Layout.SearchLoops.LoopReturn,1.00,0.99,1.00,
Layout.SearchLoops.LoopGoto,1.00,0.99,1.04,
GuardedDevirtualization.ThreeClassInterface.Call(testInput: pB=0.00 pD=0.00),SMALL,SMALL,SMALL,
GuardedDevirtualization.ThreeClassInterface.Call(testInput: pB=0.00 pD=0.33),1.00,1.00,1.02,
GuardedDevirtualization.ThreeClassInterface.Call(testInput: pB=0.00 pD=0.67),1.00,0.96,1.02,
GuardedDevirtualization.ThreeClassInterface.Call(testInput: pB=0.00 pD=1.00),SMALL,SMALL,SMALL,
GuardedDevirtualization.ThreeClassInterface.Call(testInput: pB=0.33 pD=0.00),1.00,1.00,1.03,
GuardedDevirtualization.ThreeClassInterface.Call(testInput: pB=0.33 pD=0.33),1.00,0.94,0.98,
GuardedDevirtualization.ThreeClassInterface.Call(testInput: pB=0.33 pD=0.67),1.00,0.98,0.98,
GuardedDevirtualization.ThreeClassInterface.Call(testInput: pB=0.67 pD=0.00),1.00,0.98,0.96,
GuardedDevirtualization.ThreeClassInterface.Call(testInput: pB=0.67 pD=0.33),1.00,0.97,1.02,
GuardedDevirtualization.ThreeClassInterface.Call(testInput: pB=1.00 pD=0.00),SMALL,SMALL,SMALL,
CscBench.CompileTest,1.00,1.02,0.99,
CscBench.DatflowTest,1.00,1.07,1.01,
System.Memory.Constructors<Byte>.SpanFromArray,1.00,0.99,0.99,
System.Memory.Constructors<Byte>.ReadOnlySpanFromArray,1.00,0.99,0.99,
System.Memory.Constructors<Byte>.SpanFromArrayStartLength,1.00,0.97,0.95,
System.Memory.Constructors<Byte>.ReadOnlySpanFromArrayStartLength,1.00,0.97,0.97,
System.Memory.Constructors<Byte>.SpanFromMemory,1.00,0.98,0.97,
System.Memory.Constructors<Byte>.ReadOnlySpanFromMemory,1.00,0.99,0.99,
System.Memory.Constructors<Byte>.SpanImplicitCastFromArray,SMALL,SMALL,SMALL,
System.Memory.Constructors<Byte>.ReadOnlySpanImplicitCastFromArray,SMALL,SMALL,SMALL,
System.Memory.Constructors<Byte>.SpanImplicitCastFromArraySegment,1.00,0.99,1.03,
System.Memory.Constructors<Byte>.ReadOnlySpanImplicitCastFromArraySegment,1.00,0.99,1.03,
System.Memory.Constructors<Byte>.ReadOnlySpanImplicitCastFromSpan,SMALL,SMALL,SMALL,
System.Memory.Constructors<Byte>.MemoryFromArray,1.00,1.05,0.99,
System.Memory.Constructors<Byte>.ReadOnlyMemoryFromArray,1.00,1.05,0.99,
System.Memory.Constructors<Byte>.MemoryFromArrayStartLength,1.00,1.05,1.01,
System.Memory.Constructors<Byte>.ReadOnlyMemoryFromArrayStartLength,1.00,0.96,0.96,
System.Memory.Constructors<Byte>.ArrayAsSpan,1.00,0.94,0.98,
System.Memory.Constructors<Byte>.ArrayAsSpanStartLength,1.00,0.95,1.03,
System.Memory.Constructors<Byte>.ArrayAsMemory,1.00,1.00,1.00,
System.Memory.Constructors<Byte>.ArrayAsMemoryStartLength,1.00,0.99,1.01,
System.Memory.Constructors<Byte>.MemoryMarshalCreateSpan,SMALL,SMALL,SMALL,
System.Memory.Constructors<Byte>.MemoryMarshalCreateReadOnlySpan,SMALL,SMALL,SMALL,
MicroBenchmarks.Serializers.Xml_FromStream<MyEventsListerViewModel>.XmlSerializer_,1.00,1.00,0.99,
Benchstone.BenchF.Lorenz.Test,1.00,1.01,0.99,
MicroBenchmarks.Serializers.Json_ToStream<LoginViewModel>.JsonNet_,1.00,1.01,0.99,
MicroBenchmarks.Serializers.Json_ToStream<LoginViewModel>.DataContractJsonSerializer_,1.00,0.97,0.99,
System.Collections.CreateAddAndClear<String>.Array(Size: 512),1.00,0.84,0.91,
System.Collections.CreateAddAndClear<String>.Span(Size: 512),1.00,0.88,0.94,
System.Collections.CreateAddAndClear<String>.ICollection(Size: 512),1.00,0.94,1.03,
System.Collections.CreateAddAndClear<String>.IDictionary(Size: 512),1.00,0.99,1.06,
System.Collections.ContainsKeyFalse<Int32; Int32>.IDictionary(Size: 512),1.00,0.87,0.96,
MicroBenchmarks.Serializers.Xml_ToStream<IndexViewModel>.XmlSerializer_,1.00,1.01,1.01,
MicroBenchmarks.Serializers.Xml_FromStream<IndexViewModel>.XmlSerializer_,1.00,0.98,0.99,
MicroBenchmarks.Serializers.Json_ToStream<IndexViewModel>.JsonNet_,1.00,1.00,0.98,
MicroBenchmarks.Serializers.Json_ToStream<IndexViewModel>.DataContractJsonSerializer_,1.00,0.98,0.96,
System.Collections.Sort<String>.Array(Size: 512),1.00,1.05,0.99,
System.Collections.Sort<String>.Array_ComparerClass(Size: 512),1.00,0.98,0.99,
System.Collections.Sort<String>.Array_ComparerStruct(Size: 512),1.00,1.03,1.01,
System.Collections.Sort<String>.Array_Comparison(Size: 512),1.00,0.96,0.91,
System.Collections.Sort<String>.List(Size: 512),1.00,1.12,1.00,
System.Collections.Sort<String>.LinqQuery(Size: 512),1.00,1.07,1.07,
System.Collections.Sort<String>.LinqOrderByExtension(Size: 512),1.00,0.93,1.01,
Benchstone.BenchI.AddArray.Test,1.00,1.03,1.00,
Benchstone.BenchI.AddArray2.Test,1.00,1.00,1.04,
System.Collections.Sort<IntClass>.Array(Size: 512),1.00,1.05,1.06,
System.Collections.Sort<IntClass>.Array_ComparerClass(Size: 512),1.00,0.96,0.94,
System.Collections.Sort<IntClass>.Array_ComparerStruct(Size: 512),1.00,1.04,1.00,
System.Collections.Sort<IntClass>.Array_Comparison(Size: 512),1.00,0.99,0.99,
System.Collections.Sort<IntClass>.List(Size: 512),1.00,1.05,1.00,
System.Collections.Sort<IntClass>.LinqQuery(Size: 512),1.00,0.98,0.95,
System.Collections.Sort<IntClass>.LinqOrderByExtension(Size: 512),1.00,0.99,0.96,
BenchmarksGame.SpectralNorm_3.RunBench,1.00,0.99,1.01,
Benchstone.BenchF.NewtR.Test,1.00,1.01,0.98,
System.Collections.IndexerSetReverse<Int32>.Array(Size: 512),1.00,1.32,0.99,
System.Collections.IndexerSetReverse<Int32>.Span(Size: 512),1.00,1.00,1.02,
System.Collections.IndexerSetReverse<Int32>.List(Size: 512),1.00,0.98,0.97,
System.Collections.IndexerSetReverse<Int32>.IList(Size: 512),1.00,0.96,0.96,
MicroBenchmarks.Serializers.Xml_FromStream<LoginViewModel>.XmlSerializer_,1.00,1.01,0.98,
MicroBenchmarks.Serializers.Xml_ToStream<LoginViewModel>.XmlSerializer_,1.00,0.98,1.02,
SIMD.ConsoleMandel.ScalarFloatSinglethreadRaw,1.00,1.04,0.99,
SIMD.ConsoleMandel.ScalarFloatSinglethreadADT,1.00,0.96,0.96,
SIMD.ConsoleMandel.ScalarDoubleSinglethreadRaw,1.00,1.00,0.99,
SIMD.ConsoleMandel.ScalarDoubleSinglethreadADT,1.00,0.99,0.96,
SIMD.ConsoleMandel.VectorFloatSinglethreadRaw,1.00,0.99,1.02,
SIMD.ConsoleMandel.VectorFloatSinglethreadADT,1.00,0.99,0.96,
SIMD.ConsoleMandel.VectorDoubleSinglethreadRaw,1.00,0.99,0.96,
SIMD.ConsoleMandel.VectorDoubleSinglethreadADT,1.00,1.01,0.99,
BenchmarksGame.KNucleotide_9.RunBench,1.00,0.96,0.95,
Benchstone.BenchI.BenchE.Test,1.00,0.99,1.00,
Inlining.NoThrowInline.Test,SMALL,SMALL,SMALL,
BenchmarksGame.Fasta_1.RunBench,1.00,1.00,1.00,
Benchstone.BenchI.Array2.Test,1.00,1.02,0.99,
System.Collections.IndexerSet<String>.Array(Size: 512),1.00,0.99,0.99,
System.Collections.IndexerSet<String>.Span(Size: 512),1.00,1.05,0.99,
System.Collections.IndexerSet<String>.List(Size: 512),1.00,1.04,1.00,
System.Collections.IndexerSet<String>.IList(Size: 512),1.00,1.09,0.96,
System.Collections.IndexerSet<String>.Dictionary(Size: 512),1.00,0.97,0.92,
System.Collections.IndexerSet<String>.SortedList(Size: 512),1.00,1.07,0.96,
System.Collections.IndexerSet<String>.SortedDictionary(Size: 512),1.00,1.05,1.01,
System.Collections.IndexerSet<String>.ConcurrentDictionary(Size: 512),1.00,0.99,0.93,
System.Collections.CopyTo<Int32>.Array(Size: 2048),1.00,0.98,1.03,
System.Collections.CopyTo<Int32>.Span(Size: 2048),1.00,1.03,1.08,
System.Collections.CopyTo<Int32>.ReadOnlySpan(Size: 2048),1.00,0.99,0.98,
System.Collections.CopyTo<Int32>.Memory(Size: 2048),1.00,1.00,1.00,
System.Collections.CopyTo<Int32>.ReadOnlyMemory(Size: 2048),1.00,0.96,0.91,
System.Collections.CopyTo<Int32>.List(Size: 2048),1.00,1.03,0.99,
System.Collections.CopyTo<Int32>.ImmutableArray(Size: 2048),1.00,0.95,0.99,
BenchmarksGame.FannkuchRedux_5.RunBench(n: 10; expectedSum: 38),1.00,0.95,1.01,
MicroBenchmarks.Serializers.Json_FromStream<MyEventsListerViewModel>.JsonNet_,1.00,0.96,0.98,
MicroBenchmarks.Serializers.Json_FromStream<MyEventsListerViewModel>.DataContractJsonSerializer_,1.00,0.95,0.95,
MicroBenchmarks.Serializers.Json_FromString<MyEventsListerViewModel>.JsonNet_,1.00,1.00,0.98,
Lowering.InstructionReplacement.TESTtoBT,SMALL,SMALL,SMALL,
System.Collections.CreateAddAndClear<Int32>.Array(Size: 512),1.00,0.98,0.98,
System.Collections.CreateAddAndClear<Int32>.Span(Size: 512),1.00,1.00,0.99,
System.Collections.CreateAddAndClear<Int32>.ICollection(Size: 512),1.00,0.93,0.99,
System.Collections.CreateAddAndClear<Int32>.IDictionary(Size: 512),1.00,1.04,0.99,
MicroBenchmarks.Serializers.Json_ToStream<MyEventsListerViewModel>.JsonNet_,1.00,1.01,1.01,
MicroBenchmarks.Serializers.Json_ToStream<MyEventsListerViewModel>.DataContractJsonSerializer_,1.00,1.01,0.99,
MicroBenchmarks.Serializers.Json_FromStream<Location>.JsonNet_,1.00,0.99,1.00,
MicroBenchmarks.Serializers.Json_FromStream<Location>.DataContractJsonSerializer_,1.00,1.00,0.96,
MicroBenchmarks.Serializers.Json_ToString<MyEventsListerViewModel>.JsonNet_,1.00,1.01,1.02,
Benchstone.BenchI.XposMatrix.Test,1.00,0.98,0.96,
System.Memory.Constructors<String>.SpanFromArray,1.00,0.99,0.99,
System.Memory.Constructors<String>.ReadOnlySpanFromArray,1.00,0.99,1.05,
System.Memory.Constructors<String>.SpanFromArrayStartLength,1.00,1.01,0.97,
System.Memory.Constructors<String>.ReadOnlySpanFromArrayStartLength,1.00,0.94,0.93,
System.Memory.Constructors<String>.SpanFromMemory,1.00,1.06,0.99,
System.Memory.Constructors<String>.ReadOnlySpanFromMemory,1.00,1.01,1.04,
System.Memory.Constructors<String>.SpanImplicitCastFromArray,1.00,0.99,1.01,
System.Memory.Constructors<String>.ReadOnlySpanImplicitCastFromArray,1.00,1.03,0.99,
System.Memory.Constructors<String>.SpanImplicitCastFromArraySegment,1.00,1.03,0.99,
System.Memory.Constructors<String>.ReadOnlySpanImplicitCastFromArraySegment,1.00,1.05,1.01,
System.Memory.Constructors<String>.ReadOnlySpanImplicitCastFromSpan,1.00,1.02,0.97,
System.Memory.Constructors<String>.MemoryFromArray,1.00,1.06,1.04,
System.Memory.Constructors<String>.ReadOnlyMemoryFromArray,1.00,1.06,1.07,
System.Memory.Constructors<String>.MemoryFromArrayStartLength,1.00,0.99,1.04,
System.Memory.Constructors<String>.ReadOnlyMemoryFromArrayStartLength,1.00,0.95,0.99,
System.Memory.Constructors<String>.ArrayAsSpan,1.00,1.00,1.05,
System.Memory.Constructors<String>.ArrayAsSpanStartLength,1.00,0.94,0.99,
System.Memory.Constructors<String>.ArrayAsMemory,1.00,0.96,1.02,
System.Memory.Constructors<String>.ArrayAsMemoryStartLength,1.00,0.94,0.94,
System.Memory.Constructors<String>.MemoryMarshalCreateSpan,1.00,1.04,1.04,
System.Memory.Constructors<String>.MemoryMarshalCreateReadOnlySpan,1.00,0.99,0.99,
System.Memory.Constructors_ValueTypesOnly<Int32>.SpanFromPointerLength,SMALL,SMALL,SMALL,
System.Memory.Constructors_ValueTypesOnly<Int32>.ReadOnlyFromPointerLength,1.00,1.00,0.98,
Benchstone.BenchI.MulMatrix.Test,1.00,0.96,0.99,
Benchstone.BenchF.Romber.Test,1.00,0.98,0.97,
Benchstone.BenchI.EightQueens.Test,1.00,0.99,1.00,
Benchstone.BenchF.Whetsto.Test,1.00,0.97,1.00,
MicroBenchmarks.Serializers.Xml_ToStream<ClassImplementingIXmlSerialiable>.XmlSerializer_,1.00,0.98,1.00,
System.MathBenchmarks.Single.Abs,1.00,1.02,0.97,
System.MathBenchmarks.Single.Acosh,1.00,1.04,0.98,
System.MathBenchmarks.Single.Acos,1.00,1.04,1.04,
System.MathBenchmarks.Single.Asinh,1.00,1.05,1.00,
System.MathBenchmarks.Single.Asin,1.00,0.97,0.98,
System.MathBenchmarks.Single.Atan2,1.00,0.99,1.02,
System.MathBenchmarks.Single.Atanh,1.00,1.03,1.03,
System.MathBenchmarks.Single.Atan,1.00,1.02,1.00,
System.MathBenchmarks.Single.Cbrt,1.00,1.03,1.01,
System.MathBenchmarks.Single.Ceiling,1.00,1.02,0.99,
System.MathBenchmarks.Single.Cosh,1.00,1.16,0.99,
System.MathBenchmarks.Single.Cos,1.00,0.97,1.00,
System.MathBenchmarks.Single.Exp,1.00,0.95,0.90,
System.MathBenchmarks.Single.Floor,1.00,1.05,0.99,
System.MathBenchmarks.Single.FusedMultiplyAdd,1.00,1.00,1.05,
System.MathBenchmarks.Single.ILogB,1.00,0.95,0.97,
System.MathBenchmarks.Single.Log10,1.00,1.07,0.99,
System.MathBenchmarks.Single.Log2,1.00,1.06,0.99,
System.MathBenchmarks.Single.Log,1.00,1.01,0.96,
System.MathBenchmarks.Single.Pow,1.00,1.00,0.95,
System.MathBenchmarks.Single.Round,1.00,1.00,0.97,
System.MathBenchmarks.Single.ScaleB,1.00,1.04,0.96,
System.MathBenchmarks.Single.Sinh,1.00,1.01,1.05,
System.MathBenchmarks.Single.Sin,1.00,1.00,0.97,
System.MathBenchmarks.Single.Sqrt,1.00,0.99,0.99,
System.MathBenchmarks.Single.Tanh,1.00,1.04,0.99,
System.MathBenchmarks.Single.Tan,1.00,0.99,0.99,
System.Memory.Memory<Char>.Pin(Size: 512),1.00,0.99,0.96,
System.Memory.Memory<Char>.ToArray(Size: 512),1.00,0.97,0.97,
System.Reflection.Activator<EmptyClass>.CreateInstanceGeneric,1.00,0.88,0.87,
System.Reflection.Activator<EmptyClass>.CreateInstanceType,1.00,0.99,0.93,
System.Reflection.Activator<EmptyClass>.CreateInstanceNames,1.00,1.12,1.02,
Span.Sorting.QuickSortSpan(Size: 512),1.00,0.96,1.07,
Span.Sorting.BubbleSortSpan(Size: 512),1.00,1.00,0.96,
Span.Sorting.QuickSortArray(Size: 512),1.00,0.91,1.02,
Span.Sorting.BubbleSortArray(Size: 512),1.00,0.78,0.99,
System.Reflection.Attributes.GetCustomAttributesClassHitInherit,1.00,0.99,1.01,
System.Reflection.Attributes.GetCustomAttributesClassMissInherit,1.00,0.94,0.93,
System.Reflection.Attributes.GetCustomAttributesClassHit,1.00,0.97,1.02,
System.Reflection.Attributes.GetCustomAttributesClassMiss,1.00,1.01,0.98,
System.Reflection.Attributes.GetCustomAttributesMethodOverrideHitInherit,1.00,0.99,1.00,
System.Reflection.Attributes.GetCustomAttributesMethodOverrideMissInherit,1.00,0.99,1.02,
System.Reflection.Attributes.GetCustomAttributesMethodOverrideHit,1.00,1.03,1.01,
System.Reflection.Attributes.GetCustomAttributesMethodOverrideMiss,1.00,0.85,0.88,
System.Reflection.Attributes.GetCustomAttributesMethodBaseHitInherit,1.00,1.00,0.99,
System.Reflection.Attributes.GetCustomAttributesMethodBaseMissInherit,1.00,1.01,1.06,
System.Reflection.Attributes.GetCustomAttributesMethodBaseHit,1.00,1.01,1.03,
System.Reflection.Attributes.GetCustomAttributesMethodBaseMiss,1.00,0.98,0.97,
System.Reflection.Attributes.IsDefinedClassHitInherit,1.00,0.95,1.00,
System.Reflection.Attributes.IsDefinedClassMissInherit,1.00,0.95,0.99,
System.Reflection.Attributes.IsDefinedClassHit,1.00,0.91,0.97,
System.Reflection.Attributes.IsDefinedClassMiss,1.00,0.96,1.00,
System.Reflection.Attributes.IsDefinedMethodOverrideHitInherit,1.00,0.94,1.02,
System.Reflection.Attributes.IsDefinedMethodOverrideMissInherit,1.00,0.97,1.08,
System.Reflection.Attributes.IsDefinedMethodOverrideHit,1.00,0.97,1.07,
System.Reflection.Attributes.IsDefinedMethodOverrideMiss,1.00,0.98,1.00,
System.Reflection.Attributes.IsDefinedMethodBaseHitInherit,1.00,0.94,0.98,
System.Reflection.Attributes.IsDefinedMethodBaseMissInherit,1.00,1.00,0.99,
System.Reflection.Attributes.IsDefinedMethodBaseHit,1.00,1.00,1.02,
System.Reflection.Attributes.IsDefinedMethodBaseMiss,1.00,1.01,0.99,
Benchstone.BenchF.Simpsn.Test,1.00,1.00,1.01,
System.Tests.Perf_String.Concat_CharEnumerable,1.00,0.99,0.99,
System.Tests.Perf_String.IndexOfAny,1.00,1.00,1.28,
System.Tests.Perf_String.Format_MultipleArgs,1.00,0.97,0.97,
System.Tests.Perf_String.IndexerCheckBoundCheckHoist,1.00,0.98,0.93,
System.Tests.Perf_String.IndexerCheckLengthHoisting,1.00,0.99,0.95,
System.Tests.Perf_String.IndexerCheckPathLength,1.00,1.03,0.95,
System.Tests.Perf_String.Trim_CharArr(s: " Te st  "; c: [' '; ' ']),1.00,1.05,1.01,
System.Tests.Perf_String.Trim(s: " Te st  "),1.00,1.16,0.97,
System.Tests.Perf_String.Trim_CharArr(s: " Test"; c: [' '; ' ']),1.00,0.94,0.93,
System.Tests.Perf_String.TrimStart_CharArr(s: " Test"; c: [' '; ' ']),1.00,0.93,1.11,
System.Tests.Perf_String.Trim(s: " Test"),1.00,0.99,1.06,
System.Tests.Perf_String.TrimStart(s: " Test"),1.00,1.04,1.02,
System.Tests.Perf_String.Interpolation_MultipleArgs(c: '1'; s: "Foo"),1.00,1.11,1.02,
System.Tests.Perf_String.GetChars(size: 100),1.00,1.01,1.03,
System.Tests.Perf_String.Concat_str_str(size: 100),1.00,1.00,0.94,
System.Tests.Perf_String.Concat_str_str_str(size: 100),1.00,0.96,0.96,
System.Tests.Perf_String.Concat_str_str_str_str(size: 100),1.00,1.02,1.00,
System.Tests.Perf_String.GetChars(size: 1000),1.00,0.98,0.95,
System.Tests.Perf_String.Concat_str_str(size: 1000),1.00,0.97,1.00,
System.Tests.Perf_String.Concat_str_str_str(size: 1000),1.00,0.93,0.97,
System.Tests.Perf_String.Concat_str_str_str_str(size: 1000),1.00,1.00,0.98,
System.Tests.Perf_String.PadLeft(n: 18),1.00,1.01,1.05,
System.Tests.Perf_String.PadLeft(n: 2142),1.00,1.04,1.03,
System.Tests.Perf_String.Split(s: "A B C D E F G H I J K L M N O P Q R S T U V W X Y Z"; arr: [' '];...,1.00,1.09,1.04,
System.Tests.Perf_String.Split(s: "A B C D E F G H I J K L M N O P Q R S T U V W X Y Z"; arr: [' '];...,1.00,1.03,1.02,
System.Tests.Perf_String.Split(s: "ABCDEFGHIJKLMNOPQRSTUVWXYZ"; arr: [' ']; options: None),1.00,0.92,0.88,
System.Tests.Perf_String.Split(s: "ABCDEFGHIJKLMNOPQRSTUVWXYZ"; arr: [' ']; options: RemoveEmptyEntr...,1.00,0.95,0.90,
System.Tests.Perf_String.ToUpper(s: "TEST"),1.00,1.02,0.98,
System.Tests.Perf_String.ToUpperInvariant(s: "TEST"),1.00,1.06,1.08,
System.Tests.Perf_String.ToLower(s: "TEST"),1.00,1.03,1.09,
System.Tests.Perf_String.ToLowerInvariant(s: "TEST"),1.00,1.03,1.05,
System.Tests.Perf_String.ToUpper(s: "TeSt"),1.00,1.23,1.06,
System.Tests.Perf_String.ToUpperInvariant(s: "TeSt"),1.00,1.05,1.08,
System.Tests.Perf_String.ToLower(s: "TeSt"),1.00,0.98,0.94,
System.Tests.Perf_String.ToLowerInvariant(s: "TeSt"),1.00,1.07,1.04,
System.Tests.Perf_String.Insert(s1: "Test"; i: 2; s2: " Test"),1.00,0.95,1.07,
System.Tests.Perf_String.Trim_CharArr(s: "Test"; c: [' '; ' ']),1.00,0.70,0.99,
System.Tests.Perf_String.TrimStart_CharArr(s: "Test"; c: [' '; ' ']),1.00,0.79,1.02,
System.Tests.Perf_String.TrimEnd_CharArr(s: "Test"; c: [' '; ' ']),1.00,1.50,1.01,
System.Tests.Perf_String.Trim(s: "Test"),1.00,1.39,0.97,
System.Tests.Perf_String.TrimStart(s: "Test"),1.00,1.11,0.90,
System.Tests.Perf_String.TrimEnd(s: "Test"),SMALL,SMALL,SMALL,
System.Tests.Perf_String.Trim_CharArr(s: "Test "; c: [' '; ' ']),1.00,0.88,1.01,
System.Tests.Perf_String.TrimEnd_CharArr(s: "Test "; c: [' '; ' ']),1.00,0.93,0.96,
System.Tests.Perf_String.Trim(s: "Test "),1.00,1.05,0.99,
System.Tests.Perf_String.TrimEnd(s: "Test "),1.00,0.99,1.05,
System.Tests.Perf_String.Format_OneArg(s: "Testing {0}; {0:C}; {0:D5}; {0:E} - {0:F4}{0:G}{0:N}  {0:...,1.00,1.03,1.13,
System.Tests.Perf_String.Format_OneArg(s: "Testing {0}; {0:C}; {0:E} - {0:F4}{0:G}{0:N} ; !!"; o: 3....,1.00,1.02,0.99,
System.Tests.Perf_String.ToUpper(s: "This is a much longer piece of text that might benefit more fro...,1.00,0.96,0.92,
System.Tests.Perf_String.ToUpperInvariant(s: "This is a much longer piece of text that might benefit...,1.00,1.04,1.05,
System.Tests.Perf_String.ToLower(s: "This is a much longer piece of text that might benefit more fro...,1.00,1.07,1.00,
System.Tests.Perf_String.ToLowerInvariant(s: "This is a much longer piece of text that might benefit...,1.00,0.98,1.12,
System.Tests.Perf_String.Replace_String(text: "This is a very nice sentence"; oldValue: "bad"; newVa...,1.00,1.02,1.03,
System.Tests.Perf_String.Replace_Char(text: "This is a very nice sentence"; oldChar: 'i'; newChar: '...,1.00,0.96,1.01,
System.Tests.Perf_String.Replace_String(text: "This is a very nice sentence"; oldValue: "nice"; newV...,1.00,1.00,1.01,
System.Tests.Perf_String.Replace_Char(text: "This is a very nice sentence"; oldChar: 'z'; newChar: '...,1.00,0.99,0.93,
System.Tests.Perf_String.Remove_IntInt(s: "dzsdzsDDZSDZSDZSddsz"; i1: 0; i2: 8),1.00,0.98,0.96,
System.Tests.Perf_String.Substring_IntInt(s: "dzsdzsDDZSDZSDZSddsz"; i1: 0; i2: 8),1.00,1.01,0.99,
System.Tests.Perf_String.Remove_Int(s: "dzsdzsDDZSDZSDZSddsz"; i: 0),SMALL,SMALL,SMALL,
System.Tests.Perf_String.Substring_Int(s: "dzsdzsDDZSDZSDZSddsz"; i: 0),SMALL,SMALL,SMALL,
System.Tests.Perf_String.Remove_IntInt(s: "dzsdzsDDZSDZSDZSddsz"; i1: 7; i2: 4),1.00,1.06,0.99,
System.Tests.Perf_String.Substring_IntInt(s: "dzsdzsDDZSDZSDZSddsz"; i1: 7; i2: 4),1.00,0.95,0.97,
System.Tests.Perf_String.Insert(s1: "dzsdzsDDZSDZSDZSddsz"; i: 7; s2: "Test"),1.00,0.93,1.24,
System.Tests.Perf_String.Remove_Int(s: "dzsdzsDDZSDZSDZSddsz"; i: 7),1.00,0.87,0.92,
System.Tests.Perf_String.Substring_Int(s: "dzsdzsDDZSDZSDZSddsz"; i: 7),1.00,1.01,1.05,
System.Tests.Perf_String.Remove_IntInt(s: "dzsdzsDDZSDZSDZSddsz"; i1: 10; i2: 1),1.00,0.96,1.01,
System.Tests.Perf_String.Substring_IntInt(s: "dzsdzsDDZSDZSDZSddsz"; i1: 10; i2: 1),1.00,0.95,0.96,
System.Tests.Perf_String.Remove_Int(s: "dzsdzsDDZSDZSDZSddsz"; i: 10),1.00,1.02,1.00,
System.Tests.Perf_String.Substring_Int(s: "dzsdzsDDZSDZSDZSddsz"; i: 10),1.00,1.01,1.04,
System.Tests.Perf_String.ToUpper(s: "test"),1.00,0.98,1.14,
System.Tests.Perf_String.ToUpperInvariant(s: "test"),1.00,0.98,0.99,
System.Tests.Perf_String.ToLower(s: "test"),1.00,0.99,0.98,
System.Tests.Perf_String.ToLowerInvariant(s: "test"),1.00,1.11,1.05,
Devirtualization.Boxing.InterfaceTypeCheckAndCall,SMALL,SMALL,SMALL,
MicroBenchmarks.Serializers.Xml_ToStream<SimpleStructWithProperties>.XmlSerializer_,1.00,1.02,1.01,
Benchstone.BenchI.NDhrystone.Test,1.00,1.00,1.03,
Benchstone.BenchI.CSieve.Test,1.00,0.97,1.01,
Span.IndexerBench.Ref(length: 1024),1.00,1.00,0.99,
Span.IndexerBench.Fixed1(length: 1024),1.00,1.00,1.04,
Span.IndexerBench.Fixed2(length: 1024),1.00,1.00,1.04,
Span.IndexerBench.Indexer1(length: 1024),1.00,0.99,0.99,
Span.IndexerBench.Indexer2(length: 1024),1.00,1.02,0.99,
Span.IndexerBench.Indexer3(length: 1024),1.00,1.01,0.99,
Span.IndexerBench.Indexer4(length: 1024),1.00,0.98,0.99,
Span.IndexerBench.Indexer5(length: 1024),1.00,0.99,0.99,
Span.IndexerBench.Indexer6(length: 1024),1.00,0.95,0.94,
Span.IndexerBench.ReadOnlyIndexer1(length: 1024),1.00,0.96,1.01,
Span.IndexerBench.ReadOnlyIndexer2(length: 1024),1.00,0.99,0.99,
Span.IndexerBench.WriteViaIndexer1(length: 1024),1.00,0.97,0.96,
Span.IndexerBench.WriteViaIndexer2(length: 1024),1.00,0.96,1.02,
Span.IndexerBench.KnownSizeArray(length: 1024),1.00,0.97,0.97,
Span.IndexerBench.KnownSizeCtor(length: 1024),1.00,1.03,0.96,
Span.IndexerBench.KnownSizeCtor2(length: 1024),1.00,0.95,1.00,
Span.IndexerBench.SameIndex1(length: 1024),1.00,1.01,0.99,
Span.IndexerBench.SameIndex2(length: 1024),1.00,1.02,1.00,
Span.IndexerBench.CoveredIndex1(length: 1024),1.00,1.00,0.94,
Span.IndexerBench.CoveredIndex2(length: 1024),1.00,0.89,0.96,
Span.IndexerBench.CoveredIndex3(length: 1024),1.00,0.98,0.94,
FractalPerf.Launch.Test,1.00,1.00,1.03,
System.Memory.Span<Byte>.Clear(Size: 512),1.00,1.05,1.00,
System.Memory.Span<Byte>.Fill(Size: 512),1.00,0.92,0.94,
System.Memory.Span<Byte>.Reverse(Size: 512),1.00,0.96,0.97,
System.Memory.Span<Byte>.ToArray(Size: 512),1.00,0.98,0.99,
System.Memory.Span<Byte>.SequenceEqual(Size: 512),1.00,0.96,0.98,
System.Memory.Span<Byte>.SequenceCompareTo(Size: 512),1.00,1.01,0.99,
System.Memory.Span<Byte>.StartsWith(Size: 512),1.00,1.02,1.01,
System.Memory.Span<Byte>.EndsWith(Size: 512),1.00,1.03,0.96,
System.Memory.Span<Byte>.IndexOfValue(Size: 512),1.00,0.96,1.17,
System.Memory.Span<Byte>.IndexOfAnyTwoValues(Size: 512),1.00,0.94,1.12,
System.Memory.Span<Byte>.IndexOfAnyThreeValues(Size: 512),1.00,1.00,1.17,
System.Memory.Span<Byte>.IndexOfAnyFourValues(Size: 512),1.00,0.85,1.27,
System.Memory.Span<Byte>.LastIndexOfValue(Size: 512),1.00,1.08,1.10,
System.Memory.Span<Byte>.LastIndexOfAnyValues(Size: 512),1.00,0.96,1.07,
System.Memory.Span<Byte>.BinarySearch(Size: 512),1.00,1.06,1.00,
System.Memory.Span<Byte>.GetPinnableReference(Size: 512),SMALL,SMALL,SMALL,
MicroBenchmarks.Serializers.Json_ToStream<Location>.JsonNet_,1.00,0.99,1.03,
MicroBenchmarks.Serializers.Json_ToStream<Location>.DataContractJsonSerializer_,1.00,0.98,1.08,
BenchmarksGame.PiDigits_3.RunBench(n: 3000; expected: "8649423196\t:3000"),1.00,0.97,1.00,
System.Collections.Sort<IntStruct>.Array(Size: 512),1.00,0.97,1.01,
System.Collections.Sort<IntStruct>.Array_ComparerClass(Size: 512),1.00,0.94,0.98,
System.Collections.Sort<IntStruct>.Array_ComparerStruct(Size: 512),1.00,0.97,0.94,
System.Collections.Sort<IntStruct>.Array_Comparison(Size: 512),1.00,0.98,0.99,
System.Collections.Sort<IntStruct>.List(Size: 512),1.00,0.99,0.99,
System.Collections.Sort<IntStruct>.LinqQuery(Size: 512),1.00,1.00,1.02,
System.Collections.Sort<IntStruct>.LinqOrderByExtension(Size: 512),1.00,0.92,0.99,
System.Collections.ContainsKeyFalse<String; String>.IDictionary(Size: 512),1.00,0.83,0.99,
Benchstone.BenchI.Permutate.Test,1.00,1.00,1.02,
V8.Crypto.Support.Bench,1.00,1.00,0.99,
Benchstone.BenchF.MatInv4.Test,1.00,0.86,0.90,
System.Tests.Perf_Array.ArrayResize,1.00,0.98,1.00,
System.Tests.Perf_Array.ArrayCreate1D,1.00,1.01,0.95,
System.Tests.Perf_Array.ArrayCreate2D,1.00,0.99,0.95,
System.Tests.Perf_Array.ArrayCreate3D,1.00,0.92,0.93,
System.Tests.Perf_Array.ArrayAssign1D,1.00,0.98,1.00,
System.Tests.Perf_Array.ArrayAssign2D,1.00,1.04,1.00,
System.Tests.Perf_Array.ArrayAssign3D,1.00,0.98,1.01,
System.Tests.Perf_Array.ArrayRetrieve1D,1.00,1.03,0.98,
System.Tests.Perf_Array.ArrayRetrieve2D,1.00,1.03,1.02,
System.Tests.Perf_Array.ArrayRetrieve3D,1.00,0.98,0.94,
System.Tests.Perf_Array.ArrayCopy2D,1.00,0.93,1.01,
System.Tests.Perf_Array.ArrayCopy3D,1.00,0.96,0.97,
System.Tests.Perf_Array.Reverse,1.00,1.01,1.02,
System.Tests.Perf_Array.ClearUnaligned,1.00,1.09,1.08,
System.Tests.Perf_Array.IndexOfChar,1.00,1.05,1.01,
System.Tests.Perf_Array.IndexOfShort,1.00,1.10,0.89,
Benchstone.BenchI.BubbleSort.Test,1.00,1.00,1.00,
System.Collections.AddGivenSize<Int32>.ICollection(Size: 512),1.00,1.04,0.99,
System.Collections.AddGivenSize<Int32>.IDictionary(Size: 512),1.00,1.04,1.01,
System.Collections.TryGetValueTrue<Int32; Int32>.IDictionary(Size: 512),1.00,1.02,0.99,
System.Collections.IterateForEach<String>.IEnumerable(Size: 512),1.00,0.94,1.06,
BenchmarksGame.RegexRedux_5.RunBench,1.00,1.00,0.98,
MicroBenchmarks.Serializers.Xml_FromStream<Location>.XmlSerializer_,1.00,0.95,0.95,
Benchstone.BenchI.Pi.Test,1.00,0.97,0.98,
System.Collections.ContainsTrue<Int32>.ICollection(Size: 512),1.00,1.03,0.99,
PerfLabTests.BlockCopyPerf.CallBlockCopy(numElements: 0),SMALL,SMALL,SMALL,
PerfLabTests.BlockCopyPerf.CallBlockCopy(numElements: 10),1.00,0.85,0.88,
PerfLabTests.BlockCopyPerf.CallBlockCopy(numElements: 100),1.00,0.99,1.07,
PerfLabTests.BlockCopyPerf.CallBlockCopy(numElements: 1000),1.00,1.08,0.99,
System.Collections.IterateFor<String>.Array(Size: 512),1.00,1.14,1.00,
System.Collections.IterateFor<String>.Span(Size: 512),1.00,1.15,0.98,
System.Collections.IterateFor<String>.ReadOnlySpan(Size: 512),1.00,1.13,0.96,
System.Collections.IterateFor<String>.List(Size: 512),1.00,1.00,1.01,
System.Collections.IterateFor<String>.IList(Size: 512),1.00,1.06,1.05,
System.Collections.IterateFor<String>.ImmutableArray(Size: 512),1.00,0.92,1.01,
System.Collections.IterateFor<String>.ImmutableList(Size: 512),1.00,0.91,1.03,
System.Collections.IterateFor<String>.ImmutableSortedSet(Size: 512),1.00,0.98,0.91,
System.Text.Tests.Perf_StringBuilder.AppendLine_Strings,1.00,0.96,0.99,
System.Text.Tests.Perf_StringBuilder.Append_Primitives,1.00,1.05,1.05,
System.Text.Tests.Perf_StringBuilder.Append_ValueTypes,1.00,1.02,1.03,
System.Text.Tests.Perf_StringBuilder.Append_Memory,1.00,1.03,0.99,
System.Text.Tests.Perf_StringBuilder.Insert_Strings,1.00,1.05,1.01,
System.Text.Tests.Perf_StringBuilder.Append_Strings(repeat: 1),1.00,1.04,1.04,
System.Text.Tests.Perf_StringBuilder.ctor_string(length: 100),1.00,1.01,1.02,
System.Text.Tests.Perf_StringBuilder.ctor_capacity(length: 100),1.00,1.05,1.02,
System.Text.Tests.Perf_StringBuilder.ToString_SingleSegment(length: 100),1.00,0.88,1.09,
System.Text.Tests.Perf_StringBuilder.ToString_MultipleSegments(length: 100),1.00,0.98,0.96,
System.Text.Tests.Perf_StringBuilder.Append_Char(length: 100),1.00,1.01,0.94,
System.Text.Tests.Perf_StringBuilder.Append_Char_Capacity(length: 100),1.00,0.96,1.00,
System.Text.Tests.Perf_StringBuilder.Append_Strings(repeat: 1000),1.00,1.00,0.97,
System.Text.Tests.Perf_StringBuilder.ctor_string(length: 100000),1.00,0.93,0.98,
System.Text.Tests.Perf_StringBuilder.ctor_capacity(length: 100000),1.00,0.88,1.02,
System.Text.Tests.Perf_StringBuilder.ToString_SingleSegment(length: 100000),1.00,0.96,1.06,
System.Text.Tests.Perf_StringBuilder.ToString_MultipleSegments(length: 100000),1.00,0.92,0.99,
System.Text.Tests.Perf_StringBuilder.Append_Char(length: 100000),1.00,1.08,1.02,
System.Text.Tests.Perf_StringBuilder.Append_Char_Capacity(length: 100000),1.00,0.96,0.95,
MicroBenchmarks.Serializers.Xml_FromStream<ClassImplementingIXmlSerialiable>.XmlSerializer_,1.00,1.00,1.07,
MicroBenchmarks.Serializers.Json_ToString<LoginViewModel>.JsonNet_,1.00,1.01,0.97,
System.Collections.IndexerSetReverse<String>.Array(Size: 512),1.00,1.01,0.99,
System.Collections.IndexerSetReverse<String>.Span(Size: 512),1.00,1.05,0.99,
System.Collections.IndexerSetReverse<String>.List(Size: 512),1.00,1.05,1.02,
System.Collections.IndexerSetReverse<String>.IList(Size: 512),1.00,1.22,0.99,
PerfLabTests.CastingPerf2.CastingPerf.ObjFooIsObj,1.00,0.82,1.01,
PerfLabTests.CastingPerf2.CastingPerf.FooObjIsFoo,1.00,1.09,1.01,
PerfLabTests.CastingPerf2.CastingPerf.FooObjIsNull,1.00,0.84,1.02,
PerfLabTests.CastingPerf2.CastingPerf.FooObjIsDescendant,1.00,0.86,1.01,
PerfLabTests.CastingPerf2.CastingPerf.IFooFooIsIFoo,1.00,0.83,1.00,
PerfLabTests.CastingPerf2.CastingPerf.IFooObjIsIFoo,1.00,1.07,1.00,
PerfLabTests.CastingPerf2.CastingPerf.IFooObjIsIFooInterAlia,1.00,0.95,1.06,
PerfLabTests.CastingPerf2.CastingPerf.IFooObjIsDescendantOfIFoo,1.00,1.02,0.98,
PerfLabTests.CastingPerf2.CastingPerf.ObjInt,1.00,1.08,1.00,
PerfLabTests.CastingPerf2.CastingPerf.IntObj,1.00,0.83,1.05,
PerfLabTests.CastingPerf2.CastingPerf.ObjScalarValueType,1.00,0.96,1.06,
PerfLabTests.CastingPerf2.CastingPerf.ScalarValueTypeObj,1.00,0.65,1.00,
PerfLabTests.CastingPerf2.CastingPerf.ObjObjrefValueType,1.00,1.04,0.98,
PerfLabTests.CastingPerf2.CastingPerf.ObjrefValueTypeObj,1.00,1.18,1.03,
PerfLabTests.CastingPerf2.CastingPerf.FooObjCastIfIsa,1.00,0.93,0.96,
MicroBenchmarks.Serializers.Json_ToString<IndexViewModel>.JsonNet_,1.00,1.01,1.00,
System.Memory.Span<Int32>.Clear(Size: 512),1.00,1.01,0.96,
System.Memory.Span<Int32>.Fill(Size: 512),1.00,1.05,1.05,
System.Memory.Span<Int32>.Reverse(Size: 512),1.00,0.99,1.04,
System.Memory.Span<Int32>.ToArray(Size: 512),1.00,0.97,0.96,
System.Memory.Span<Int32>.SequenceEqual(Size: 512),1.00,1.01,1.04,
System.Memory.Span<Int32>.SequenceCompareTo(Size: 512),1.00,1.00,1.03,
System.Memory.Span<Int32>.StartsWith(Size: 512),1.00,1.07,1.00,
System.Memory.Span<Int32>.EndsWith(Size: 512),1.00,0.98,1.00,
System.Memory.Span<Int32>.IndexOfValue(Size: 512),1.00,1.02,0.99,
System.Memory.Span<Int32>.IndexOfAnyTwoValues(Size: 512),1.00,0.97,0.99,
System.Memory.Span<Int32>.IndexOfAnyThreeValues(Size: 512),1.00,0.97,1.01,
System.Memory.Span<Int32>.IndexOfAnyFourValues(Size: 512),1.00,1.07,1.00,
System.Memory.Span<Int32>.LastIndexOfValue(Size: 512),1.00,0.99,1.04,
System.Memory.Span<Int32>.LastIndexOfAnyValues(Size: 512),1.00,1.07,1.05,
System.Memory.Span<Int32>.BinarySearch(Size: 512),1.00,1.04,1.01,
System.Memory.Span<Int32>.GetPinnableReference(Size: 512),SMALL,SMALL,SMALL,
Benchstone.BenchF.Secant.Test,1.00,0.99,1.00,
MicroBenchmarks.Serializers.Xml_ToStream<Location>.XmlSerializer_,1.00,1.08,1.02,
Benchstone.BenchF.SqMtx.Test,1.00,1.00,1.00,
Benchstone.BenchF.BenchMk2.Test,1.00,1.02,1.06,
BenchmarksGame.MandelBrot_7.Bench(size: 4000; lineLength: 500; checksum: "C7-E6-66-43-66-73-F8-A8-D3...,1.00,1.00,1.00,
System.Memory.Slice<Byte>.SpanStart,SMALL,SMALL,SMALL,
System.Memory.Slice<Byte>.SpanStartLength,SMALL,SMALL,SMALL,
System.Memory.Slice<Byte>.ReadOnlySpanStart,SMALL,SMALL,SMALL,
System.Memory.Slice<Byte>.ReadOnlySpanStartLength,SMALL,SMALL,SMALL,
System.Memory.Slice<Byte>.MemoryStart,SMALL,SMALL,SMALL,
System.Memory.Slice<Byte>.MemoryStartSpan,SMALL,SMALL,SMALL,
System.Memory.Slice<Byte>.MemoryStartLength,SMALL,SMALL,SMALL,
System.Memory.Slice<Byte>.MemoryStartLengthSpan,SMALL,SMALL,SMALL,
System.Memory.Slice<Byte>.ReadOnlyMemoryStart,SMALL,SMALL,SMALL,
System.Memory.Slice<Byte>.ReadOnlyMemoryStartSpan,SMALL,SMALL,SMALL,
System.Memory.Slice<Byte>.ReadOnlyMemoryStartLength,SMALL,SMALL,SMALL,
System.Memory.Slice<Byte>.ReadOnlyMemoryStartLengthSpan,SMALL,SMALL,SMALL,
System.Memory.Slice<Byte>.MemorySpanStart,1.00,0.97,0.95,
System.Memory.Slice<Byte>.MemorySpanStartLength,1.00,1.03,1.02,
System.Memory.Slice<Byte>.ReadOnlyMemorySpanStart,1.00,0.99,1.02,
System.Memory.Slice<Byte>.ReadOnlyMemorySpanStartLength,1.00,0.95,0.98,
System.Hashing.GetStringHashCode(BytesCount: 10),1.00,1.02,1.06,
System.Hashing.GetStringHashCode(BytesCount: 100),1.00,0.95,0.95,
System.Hashing.GetStringHashCode(BytesCount: 1000),1.00,0.96,1.00,
System.Hashing.GetStringHashCode(BytesCount: 10000),1.00,0.96,0.99,
MicroBenchmarks.Serializers.Xml_ToStream<XmlElement>.XmlSerializer_,1.00,0.98,1.04,
PerfLabTests.EnumPerf.ObjectGetType,SMALL,SMALL,SMALL,
PerfLabTests.EnumPerf.ObjectGetTypeNoBoxing,SMALL,SMALL,SMALL,
PerfLabTests.EnumPerf.EnumEquals,1.00,1.13,0.98,
PerfLabTests.EnumPerf.EnumCompareTo(color: Red),1.00,1.03,0.99,
MicroBenchmarks.Serializers.Json_FromStream<IndexViewModel>.JsonNet_,1.00,0.99,0.99,
MicroBenchmarks.Serializers.Json_FromStream<IndexViewModel>.DataContractJsonSerializer_,1.00,0.94,0.93,
ByteMark.BenchNumericSortJagged,1.00,0.99,1.01,
ByteMark.BenchNumericSortRectangular,1.00,1.00,0.94,
ByteMark.BenchStringSort,1.00,1.01,1.00,
ByteMark.BenchBitOps,1.00,0.82,0.99,
ByteMark.BenchEmFloat,1.00,0.99,1.01,
ByteMark.BenchEmFloatClass,1.00,0.96,1.02,
ByteMark.BenchFourier,1.00,1.03,1.00,
ByteMark.BenchAssignJagged,1.00,0.98,1.00,
ByteMark.BenchAssignRectangular,1.00,1.02,1.00,
ByteMark.BenchIDEAEncryption,1.00,0.98,1.00,
ByteMark.BenchNeuralJagged,1.00,1.04,1.00,
ByteMark.BenchNeural,1.00,0.99,1.02,
ByteMark.BenchLUDecomp,1.00,1.06,1.05,
System.Collections.Sort<Int32>.Array(Size: 512),1.00,0.99,0.99,
System.Collections.Sort<Int32>.Array_ComparerClass(Size: 512),1.00,0.99,1.06,
System.Collections.Sort<Int32>.Array_ComparerStruct(Size: 512),1.00,1.09,1.01,
System.Collections.Sort<Int32>.Array_Comparison(Size: 512),1.00,1.03,1.02,
System.Collections.Sort<Int32>.List(Size: 512),1.00,1.00,1.07,
System.Collections.Sort<Int32>.LinqQuery(Size: 512),1.00,1.08,1.04,
System.Collections.Sort<Int32>.LinqOrderByExtension(Size: 512),1.00,1.06,0.99,
HardwareIntrinsics.RayTracer.SoA.Render,1.00,1.07,1.05,
System.Memory.MemoryMarshal<Byte>.GetReference,SMALL,SMALL,SMALL,
System.Memory.MemoryMarshal<Byte>.AsBytes,SMALL,SMALL,SMALL,
System.Memory.MemoryMarshal<Byte>.CastToByte,SMALL,SMALL,SMALL,
System.Memory.MemoryMarshal<Byte>.CastToInt,1.00,0.94,1.01,
System.Memory.MemoryMarshal<Byte>.TryGetArray,SMALL,SMALL,SMALL,
System.Memory.MemoryMarshal<Byte>.Read,SMALL,SMALL,SMALL,
MicroBenchmarks.Serializers.Json_FromStream<LoginViewModel>.JsonNet_,1.00,0.97,1.01,
MicroBenchmarks.Serializers.Json_FromStream<LoginViewModel>.DataContractJsonSerializer_,1.00,1.01,1.01,
System.Globalization.Tests.StringHash.GetHashCode(Count: 128; Options: (; IgnoreCase)),1.00,1.01,1.00,
System.Globalization.Tests.StringHash.GetHashCode(Count: 128; Options: (; None)),1.00,1.04,1.04,
System.Globalization.Tests.StringHash.GetHashCode(Count: 128; Options: (en-US; IgnoreCase)),1.00,0.99,1.00,
System.Globalization.Tests.StringHash.GetHashCode(Count: 128; Options: (en-US; None)),1.00,0.94,0.96,
System.Globalization.Tests.StringHash.GetHashCode(Count: 128; Options: (en-US; Ordinal)),1.00,0.97,1.00,
System.Globalization.Tests.StringHash.GetHashCode(Count: 128; Options: (en-US; OrdinalIgnoreCase)),1.00,0.99,0.95,
System.Globalization.Tests.StringHash.GetHashCode(Count: 131072; Options: (; IgnoreCase)),1.00,1.06,1.00,
System.Globalization.Tests.StringHash.GetHashCode(Count: 131072; Options: (; None)),1.00,1.04,1.01,
System.Globalization.Tests.StringHash.GetHashCode(Count: 131072; Options: (en-US; IgnoreCase)),1.00,1.03,1.03,
System.Globalization.Tests.StringHash.GetHashCode(Count: 131072; Options: (en-US; None)),1.00,1.04,1.05,
System.Globalization.Tests.StringHash.GetHashCode(Count: 131072; Options: (en-US; Ordinal)),1.00,1.04,1.04,
System.Globalization.Tests.StringHash.GetHashCode(Count: 131072; Options: (en-US; OrdinalIgnoreCase)...,1.00,1.00,1.02,
Benchstone.BenchI.IniArray.Test,1.00,1.41,0.98,
Benchstone.BenchF.Trap.Test,1.00,1.08,0.99,
PerfLabTests.LowLevelPerf.EmptyStaticFunction,1.00,0.89,1.02,
PerfLabTests.LowLevelPerf.EmptyStaticFunction5Arg,1.00,0.89,1.05,
PerfLabTests.LowLevelPerf.EmptyInstanceFunction,1.00,0.94,0.99,
PerfLabTests.LowLevelPerf.InterfaceInterfaceMethod,1.00,1.02,0.99,
PerfLabTests.LowLevelPerf.InterfaceInterfaceMethodLongHierarchy,1.00,1.18,0.99,
PerfLabTests.LowLevelPerf.InterfaceInterfaceMethodSwitchCallType,1.00,1.10,0.98,
PerfLabTests.LowLevelPerf.ClassVirtualMethod,1.00,0.97,1.00,
PerfLabTests.LowLevelPerf.SealedClassInterfaceMethod,1.00,1.00,0.99,
PerfLabTests.LowLevelPerf.StructWithInterfaceInterfaceMethod,1.00,0.70,1.00,
PerfLabTests.LowLevelPerf.StaticIntPlus,1.00,1.00,0.99,
PerfLabTests.LowLevelPerf.ObjectStringIsString,1.00,0.85,1.00,
PerfLabTests.LowLevelPerf.NewDelegateClassEmptyInstanceFn,1.00,1.00,1.04,
PerfLabTests.LowLevelPerf.NewDelegateClassEmptyStaticFn,1.00,1.06,1.11,
PerfLabTests.LowLevelPerf.InstanceDelegate,1.00,1.00,1.01,
PerfLabTests.LowLevelPerf.StaticDelegate,1.00,1.05,1.03,
PerfLabTests.LowLevelPerf.MeasureEvents,1.00,1.06,1.00,
PerfLabTests.LowLevelPerf.GenericClassWithIntGenericInstanceField,1.00,0.81,1.04,
PerfLabTests.LowLevelPerf.GenericClassGenericStaticField,1.00,1.05,1.01,
PerfLabTests.LowLevelPerf.GenericClassGenericInstanceMethod,1.00,0.90,1.00,
PerfLabTests.LowLevelPerf.GenericClassGenericStaticMethod,1.00,1.38,1.01,
PerfLabTests.LowLevelPerf.GenericGenericMethod,1.00,1.15,1.02,
PerfLabTests.LowLevelPerf.GenericClassWithSTringGenericInstanceMethod,1.00,0.76,0.99,
PerfLabTests.LowLevelPerf.ForeachOverList100Elements,1.00,1.02,1.03,
PerfLabTests.LowLevelPerf.TypeReflectionObjectGetType,1.00,1.04,1.01,
PerfLabTests.LowLevelPerf.TypeReflectionArrayGetType,1.00,1.14,1.03,
PerfLabTests.LowLevelPerf.IntegerFormatting,1.00,0.99,1.00,
System.Collections.ContainsFalse<Int32>.ICollection(Size: 512),1.00,0.96,0.96,
BenchmarksGame.FannkuchRedux_2.RunBench(n: 10; expectedSum: 73196),1.00,1.01,1.00,
MicroBenchmarks.Serializers.Xml_ToStream<MyEventsListerViewModel>.XmlSerializer_,1.00,1.01,1.06,
BilinearTest.Interpol_Scalar,1.00,1.00,0.97,
BilinearTest.Interpol_Vector,1.00,0.89,0.84,
BilinearTest.Interpol_AVX,1.00,1.00,1.00,
Devirtualization.EqualityComparer.ValueTupleCompareNoOpt,1.00,1.00,1.01,
Devirtualization.EqualityComparer.ValueTupleCompare,SMALL,SMALL,SMALL,
Devirtualization.EqualityComparer.ValueTupleCompareCached,1.00,1.02,1.00,
Devirtualization.EqualityComparer.ValueTupleCompareWrapped,1.00,1.00,1.03,
System.Collections.Sort<BigStruct>.Array(Size: 512),1.00,1.11,0.99,
System.Collections.Sort<BigStruct>.Array_ComparerClass(Size: 512),1.00,1.04,0.97,
System.Collections.Sort<BigStruct>.Array_ComparerStruct(Size: 512),1.00,0.93,0.93,
System.Collections.Sort<BigStruct>.Array_Comparison(Size: 512),1.00,0.95,0.98,
System.Collections.Sort<BigStruct>.List(Size: 512),1.00,0.89,1.29,
System.Collections.Sort<BigStruct>.LinqQuery(Size: 512),1.00,0.96,0.99,
System.Collections.Sort<BigStruct>.LinqOrderByExtension(Size: 512),1.00,0.95,0.98,
System.Memory.ReadOnlyMemory<Char>.Pin(Size: 512),1.00,1.00,0.99,
System.Memory.ReadOnlyMemory<Char>.ToArray(Size: 512),1.00,1.01,0.97,
System.Collections.TryGetValueFalse<String; String>.IDictionary(Size: 512),1.00,1.09,1.01,
Benchstone.BenchI.Ackermann.Test,1.00,1.15,0.99,
Benchstone.BenchI.HeapSort.Test,1.00,1.00,1.00,
System.Collections.AddGivenSize<String>.ICollection(Size: 512),1.00,0.90,0.95,
System.Collections.AddGivenSize<String>.IDictionary(Size: 512),1.00,0.98,0.99,
PerfLabTests.DelegatePerf.DelegateInvoke,1.00,1.20,0.99,
PerfLabTests.DelegatePerf.MulticastDelegateCombineInvoke,1.00,1.15,0.98,
PerfLabTests.DelegatePerf.MulticastDelegateInvoke(length: 100),1.00,1.03,1.08,
PerfLabTests.DelegatePerf.MulticastDelegateInvoke(length: 1000),1.00,0.99,1.11,
BenchmarksGame.SpectralNorm_1.RunBench,1.00,1.00,1.00,
MicroBenchmarks.Serializers.Xml_FromStream<CollectionsOfPrimitives>.XmlSerializer_,1.00,0.98,0.99,
Benchstone.BenchF.LLoops.Test,1.00,0.97,0.97,
Benchstone.BenchI.Fib.Test,1.00,0.80,1.00,
System.Memory.Slice<String>.SpanStart,1.00,0.99,1.00,
System.Memory.Slice<String>.SpanStartLength,1.00,0.97,0.98,
System.Memory.Slice<String>.ReadOnlySpanStart,1.00,1.01,1.05,
System.Memory.Slice<String>.ReadOnlySpanStartLength,1.00,0.99,0.98,
System.Memory.Slice<String>.MemoryStart,1.00,1.00,0.98,
System.Memory.Slice<String>.MemoryStartSpan,1.00,1.03,1.06,
System.Memory.Slice<String>.MemoryStartLength,1.00,1.02,1.03,
System.Memory.Slice<String>.MemoryStartLengthSpan,1.00,1.04,1.00,
System.Memory.Slice<String>.ReadOnlyMemoryStart,1.00,1.03,1.86,
System.Memory.Slice<String>.ReadOnlyMemoryStartSpan,1.00,1.05,1.02,
System.Memory.Slice<String>.ReadOnlyMemoryStartLength,1.00,0.99,1.00,
System.Memory.Slice<String>.ReadOnlyMemoryStartLengthSpan,1.00,0.98,1.01,
System.Memory.Slice<String>.MemorySpanStart,1.00,1.01,1.01,
System.Memory.Slice<String>.MemorySpanStartLength,1.00,1.03,0.98,
System.Memory.Slice<String>.ReadOnlyMemorySpanStart,1.00,0.94,0.95,
System.Memory.Slice<String>.ReadOnlyMemorySpanStartLength,1.00,0.97,0.96,
Exceptions.Handling.ThrowAndCatch(kind: Software),1.00,0.97,1.00,
Exceptions.Handling.ThrowAndCatch_ManyCatchBlocks(kind: Software),1.00,0.93,0.95,
Exceptions.Handling.ThrowAndCatchFinally(kind: Software),1.00,0.90,0.92,
Exceptions.Handling.ThrowAndCatchWhen(kind: Software),1.00,0.94,1.00,
Exceptions.Handling.ThrowAndCatchWhenFinally(kind: Software),1.00,0.99,1.03,
Exceptions.Handling.ThrowAndCatchDeep(kind: Software),1.00,1.00,0.98,
Exceptions.Handling.ThrowAndCatchDeepRecursive(kind: Software),1.00,0.97,0.99,
Exceptions.Handling.MultipleNestedTryCatch_FirstCatches(kind: Software),1.00,0.98,1.01,
Exceptions.Handling.MultipleNestedTryCatch_LastCatches(kind: Software),1.00,0.98,1.00,
Exceptions.Handling.MultipleNestedTryFinally(kind: Software),1.00,0.96,1.01,
Exceptions.Handling.CatchAndRethrowDeep(kind: Software),1.00,0.99,1.02,
Exceptions.Handling.CatchAndThrowOtherDeep(kind: Software),1.00,0.98,1.03,
Exceptions.Handling.TryAndFinallyDeep(kind: Software),1.00,0.99,1.04,
Exceptions.Handling.TryAndCatchDeep_CaugtAtTheTop(kind: Software),1.00,1.03,1.00,
Exceptions.Handling.ThrowAndCatch(kind: Hardware),1.00,1.06,1.05,
Exceptions.Handling.ThrowAndCatch_ManyCatchBlocks(kind: Hardware),1.00,1.05,1.06,
Exceptions.Handling.ThrowAndCatchFinally(kind: Hardware),1.00,1.03,1.06,
Exceptions.Handling.ThrowAndCatchWhen(kind: Hardware),1.00,1.03,1.00,
Exceptions.Handling.ThrowAndCatchWhenFinally(kind: Hardware),1.00,1.00,1.01,
Exceptions.Handling.ThrowAndCatchDeep(kind: Hardware),1.00,1.01,1.03,
Exceptions.Handling.ThrowAndCatchDeepRecursive(kind: Hardware),1.00,1.00,1.06,
Exceptions.Handling.MultipleNestedTryCatch_FirstCatches(kind: Hardware),1.00,0.99,1.00,
Exceptions.Handling.MultipleNestedTryCatch_LastCatches(kind: Hardware),1.00,0.96,1.01,
Exceptions.Handling.MultipleNestedTryFinally(kind: Hardware),1.00,0.98,1.02,
Exceptions.Handling.CatchAndRethrowDeep(kind: Hardware),1.00,1.03,1.01,
Exceptions.Handling.CatchAndThrowOtherDeep(kind: Hardware),1.00,1.13,1.01,
Exceptions.Handling.TryAndFinallyDeep(kind: Hardware),1.00,1.01,1.09,
Exceptions.Handling.TryAndCatchDeep_CaugtAtTheTop(kind: Hardware),1.00,1.00,1.05,
Exceptions.Handling.ThrowAndCatch(kind: ReflectionSoftware),1.00,0.98,1.01,
Exceptions.Handling.ThrowAndCatch_ManyCatchBlocks(kind: ReflectionSoftware),1.00,0.95,0.94,
Exceptions.Handling.ThrowAndCatchDeep(kind: ReflectionSoftware),1.00,1.00,0.98,
Exceptions.Handling.ThrowAndCatchDeepRecursive(kind: ReflectionSoftware),1.00,0.95,1.00,
Exceptions.Handling.ThrowAndCatch(kind: ReflectionHardware),1.00,1.02,1.01,
Exceptions.Handling.ThrowAndCatch_ManyCatchBlocks(kind: ReflectionHardware),1.00,1.01,1.04,
Exceptions.Handling.ThrowAndCatchDeep(kind: ReflectionHardware),1.00,0.96,1.01,
Exceptions.Handling.ThrowAndCatchDeepRecursive(kind: ReflectionHardware),1.00,1.05,1.02,
Benchstone.BenchF.FFT.Test,1.00,0.98,1.01,
System.Reflection.Activator<EmptyStruct>.CreateInstanceGeneric,SMALL,SMALL,SMALL,
System.Reflection.Activator<EmptyStruct>.CreateInstanceType,1.00,1.13,0.97,
System.Reflection.Activator<EmptyStruct>.CreateInstanceNames,1.00,1.05,0.96,
BenchmarksGame.RegexRedux_1.RunBench,1.00,1.03,0.99,
System.Collections.IterateFor<Int32>.Array(Size: 512),1.00,1.00,0.99,
System.Collections.IterateFor<Int32>.Span(Size: 512),1.00,1.04,0.98,
System.Collections.IterateFor<Int32>.ReadOnlySpan(Size: 512),1.00,1.06,1.05,
System.Collections.IterateFor<Int32>.List(Size: 512),1.00,1.04,1.05,
System.Collections.IterateFor<Int32>.IList(Size: 512),1.00,1.00,0.98,
System.Collections.IterateFor<Int32>.ImmutableArray(Size: 512),1.00,0.94,1.01,
System.Collections.IterateFor<Int32>.ImmutableList(Size: 512),1.00,0.99,1.02,
System.Collections.IterateFor<Int32>.ImmutableSortedSet(Size: 512),1.00,1.08,0.97,
System.MathBenchmarks.MathTests.DivRemInt32,SMALL,SMALL,SMALL,
System.MathBenchmarks.MathTests.DivRemInt64,1.00,0.96,1.02,
System.Collections.TryGetValueFalse<Int32; Int32>.IDictionary(Size: 512),1.00,0.85,0.91,
System.Buffers.Binary.Tests.BinaryReadAndWriteTests.ReadStructAndReverseBE,1.00,1.06,1.01,
System.Buffers.Binary.Tests.BinaryReadAndWriteTests.ReadStructAndReverseLE,1.00,1.06,1.00,
System.Buffers.Binary.Tests.BinaryReadAndWriteTests.ReadStructFieldByFieldBE,1.00,0.98,0.98,
System.Buffers.Binary.Tests.BinaryReadAndWriteTests.ReadStructFieldByFieldLE,1.00,1.03,1.02,
System.Buffers.Binary.Tests.BinaryReadAndWriteTests.ReadStructFieldByFieldUsingBitConverterLE,1.00,0.96,1.04,
System.Buffers.Binary.Tests.BinaryReadAndWriteTests.ReadStructFieldByFieldUsingBitConverterBE,1.00,0.99,1.01,
System.Buffers.Binary.Tests.BinaryReadAndWriteTests.MeasureReverseEndianness,1.00,1.03,0.96,
System.Buffers.Binary.Tests.BinaryReadAndWriteTests.MeasureReverseUsingNtoH,1.00,1.23,0.98,
System.Collections.ContainsKeyTrue<String; String>.IDictionary(Size: 512),1.00,1.01,1.01,
Benchstone.BenchI.Midpoint.Test,1.00,1.11,0.99,
Benchstone.BenchI.TreeSort.Test,1.00,0.95,0.98,
System.Memory.Constructors_ValueTypesOnly<Byte>.SpanFromPointerLength,1.00,0.98,0.99,
System.Memory.Constructors_ValueTypesOnly<Byte>.ReadOnlyFromPointerLength,1.00,0.98,0.93,
GuardedDevirtualization.ThreeClassVirtual.Call(testInput: pB=0.00 pD=0.00),SMALL,SMALL,SMALL,
GuardedDevirtualization.ThreeClassVirtual.Call(testInput: pB=0.00 pD=0.33),1.00,1.00,1.03,
GuardedDevirtualization.ThreeClassVirtual.Call(testInput: pB=0.00 pD=0.67),1.00,1.04,0.98,
GuardedDevirtualization.ThreeClassVirtual.Call(testInput: pB=0.00 pD=1.00),SMALL,SMALL,SMALL,
GuardedDevirtualization.ThreeClassVirtual.Call(testInput: pB=0.33 pD=0.00),1.00,0.99,0.98,
GuardedDevirtualization.ThreeClassVirtual.Call(testInput: pB=0.33 pD=0.33),1.00,1.00,1.02,
GuardedDevirtualization.ThreeClassVirtual.Call(testInput: pB=0.33 pD=0.67),1.00,1.01,1.01,
GuardedDevirtualization.ThreeClassVirtual.Call(testInput: pB=0.67 pD=0.00),1.00,1.03,1.02,
GuardedDevirtualization.ThreeClassVirtual.Call(testInput: pB=0.67 pD=0.33),1.00,1.03,1.01,
GuardedDevirtualization.ThreeClassVirtual.Call(testInput: pB=1.00 pD=0.00),SMALL,SMALL,SMALL,
Benchstone.BenchF.Adams.Test,1.00,1.00,1.00,
System.Memory.ReadOnlyMemory<Byte>.Pin(Size: 512),1.00,0.99,1.00,
System.Memory.ReadOnlyMemory<Byte>.ToArray(Size: 512),1.00,0.99,0.97,
GuardedDevirtualization.TwoClassVirtual.Call(testInput: pB = 0.00),SMALL,SMALL,SMALL,
GuardedDevirtualization.TwoClassVirtual.Call(testInput: pB = 0.10),SMALL,SMALL,SMALL,
GuardedDevirtualization.TwoClassVirtual.Call(testInput: pB = 0.20),SMALL,SMALL,SMALL,
GuardedDevirtualization.TwoClassVirtual.Call(testInput: pB = 0.30),1.00,1.03,0.98,
GuardedDevirtualization.TwoClassVirtual.Call(testInput: pB = 0.40),1.00,1.01,0.96,
GuardedDevirtualization.TwoClassVirtual.Call(testInput: pB = 0.50),1.00,1.04,1.01,
GuardedDevirtualization.TwoClassVirtual.Call(testInput: pB = 0.60),1.00,1.03,1.00,
GuardedDevirtualization.TwoClassVirtual.Call(testInput: pB = 0.70),1.00,1.01,1.03,
GuardedDevirtualization.TwoClassVirtual.Call(testInput: pB = 0.80),SMALL,SMALL,SMALL,
GuardedDevirtualization.TwoClassVirtual.Call(testInput: pB = 0.90),SMALL,SMALL,SMALL,
GuardedDevirtualization.TwoClassVirtual.Call(testInput: pB = 1.00),SMALL,SMALL,SMALL,
MicroBenchmarks.Serializers.Json_ToString<Location>.JsonNet_,1.00,0.99,1.03,
Benchstone.BenchI.Puzzle.Test,1.00,0.99,1.00,
System.Collections.TryGetValueTrue<String; String>.IDictionary(Size: 512),1.00,1.13,1.01,
PerfLabTests.CastingPerf.ObjFooIsObj,1.00,0.99,0.99,
PerfLabTests.CastingPerf.ObjFooIsObj2,1.00,1.03,0.98,
PerfLabTests.CastingPerf.ObjObjIsFoo,1.00,0.97,0.97,
PerfLabTests.CastingPerf.FooObjIsFoo,1.00,0.99,1.03,
PerfLabTests.CastingPerf.FooObjIsFoo2,1.00,0.98,0.99,
PerfLabTests.CastingPerf.FooObjIsNull,1.00,1.02,0.99,
PerfLabTests.CastingPerf.FooObjIsDescendant,1.00,0.95,1.02,
PerfLabTests.CastingPerf.IFooFooIsIFoo,1.00,0.99,1.03,
PerfLabTests.CastingPerf.IFooObjIsIFoo,1.00,0.90,0.94,
PerfLabTests.CastingPerf.IFooObjIsIFooInterAlia,1.00,0.93,0.95,
PerfLabTests.CastingPerf.IFooObjIsDescendantOfIFoo,1.00,0.91,1.00,
PerfLabTests.CastingPerf.ObjInt,1.00,0.97,0.97,
PerfLabTests.CastingPerf.IntObj,1.00,0.94,0.99,
PerfLabTests.CastingPerf.ObjScalarValueType,1.00,1.01,0.98,
PerfLabTests.CastingPerf.ScalarValueTypeObj,1.00,0.99,1.04,
PerfLabTests.CastingPerf.ObjObjrefValueType,1.00,0.99,1.01,
PerfLabTests.CastingPerf.ObjrefValueTypeObj,1.00,0.92,0.96,
PerfLabTests.CastingPerf.FooObjCastIfIsa,1.00,0.91,0.96,
PerfLabTests.CastingPerf.CheckObjIsInterfaceYes,1.00,1.16,0.99,
PerfLabTests.CastingPerf.CheckObjIsInterfaceNo,1.00,0.86,0.97,
PerfLabTests.CastingPerf.CheckIsInstAnyIsInterfaceYes,1.00,1.14,0.87,
PerfLabTests.CastingPerf.CheckIsInstAnyIsInterfaceNo,1.00,1.08,0.97,
PerfLabTests.CastingPerf.CheckArrayIsInterfaceYes,1.00,1.00,0.99,
PerfLabTests.CastingPerf.CheckArrayIsInterfaceNo,1.00,1.04,0.99,
PerfLabTests.CastingPerf.CheckArrayIsNonvariantGenericInterface,1.00,0.95,1.04,
PerfLabTests.CastingPerf.CheckArrayIsNonvariantGenericInterfaceNo,1.00,0.92,1.01,
PerfLabTests.CastingPerf.CheckArrayIsArrayByVariance,1.00,0.98,1.00,
PerfLabTests.CastingPerf.CheckListIsVariantGenericInterface,1.00,1.00,0.99,
PerfLabTests.CastingPerf.CheckArrayIsVariantGenericInterfaceNo,1.00,1.00,1.09,
PerfLabTests.CastingPerf.AssignArrayElementByVariance,1.00,0.99,0.98,
PerfLabTests.CastingPerf.CheckArrayIsVariantGenericInterfaceReflection,1.00,1.03,0.99,
V8.Richards.Support.Bench,1.00,0.96,0.94,
LinqBenchmarks.Where00LinqQueryX,1.00,0.98,1.01,
LinqBenchmarks.Where00LinqMethodX,1.00,1.02,1.02,
LinqBenchmarks.Where00ForX,1.00,1.03,0.96,
LinqBenchmarks.Where01LinqQueryX,1.00,0.68,0.70,
LinqBenchmarks.Where01LinqMethodX,1.00,1.01,1.01,
LinqBenchmarks.Where01LinqMethodNestedX,1.00,0.96,0.98,
LinqBenchmarks.Where01ForX,1.00,0.98,1.03,
LinqBenchmarks.Count00LinqMethodX,1.00,0.97,0.93,
LinqBenchmarks.Count00ForX,1.00,1.06,1.02,
LinqBenchmarks.Order00LinqQueryX,1.00,1.00,1.02,
LinqBenchmarks.Order00LinqMethodX,1.00,0.97,0.98,
LinqBenchmarks.Order00ManualX,1.00,0.99,1.02,
Benchstone.BenchF.InvMt.Test,1.00,0.96,1.00,
Benchstone.BenchF.InProd.Test,1.00,0.99,1.00,
MicroBenchmarks.Serializers.Json_FromString<CollectionsOfPrimitives>.JsonNet_,1.00,1.03,0.99,
System.Collections.ContainsKeyTrue<Int32; Int32>.IDictionary(Size: 512),1.00,1.06,0.99,
MicroBenchmarks.Serializers.Json_FromStream<CollectionsOfPrimitives>.JsonNet_,1.00,1.00,0.98,
MicroBenchmarks.Serializers.Json_FromStream<CollectionsOfPrimitives>.DataContractJsonSerializer_,1.00,0.98,1.00,
BenchmarksGame.BinaryTrees_2.RunBench,1.00,0.99,0.99,
System.Collections.IndexerSet<Int32>.Array(Size: 512),1.00,0.97,0.97,
System.Collections.IndexerSet<Int32>.Span(Size: 512),1.00,0.99,0.99,
System.Collections.IndexerSet<Int32>.List(Size: 512),1.00,0.96,0.96,
System.Collections.IndexerSet<Int32>.IList(Size: 512),1.00,0.96,1.00,
System.Collections.IndexerSet<Int32>.Dictionary(Size: 512),1.00,0.87,0.97,
System.Collections.IndexerSet<Int32>.SortedList(Size: 512),1.00,1.08,1.04,
System.Collections.IndexerSet<Int32>.SortedDictionary(Size: 512),1.00,1.00,1.02,
System.Collections.IndexerSet<Int32>.ConcurrentDictionary(Size: 512),1.00,1.00,1.05,
Benchstone.BenchF.DMath.Test,1.00,1.11,1.05,
System.Collections.CopyTo<String>.Array(Size: 2048),1.00,1.00,1.02,
System.Collections.CopyTo<String>.Span(Size: 2048),1.00,0.97,1.01,
System.Collections.CopyTo<String>.ReadOnlySpan(Size: 2048),1.00,0.99,1.02,
System.Collections.CopyTo<String>.Memory(Size: 2048),1.00,1.02,0.96,
System.Collections.CopyTo<String>.ReadOnlyMemory(Size: 2048),1.00,0.95,0.95,
System.Collections.CopyTo<String>.List(Size: 2048),1.00,0.99,0.98,
System.Collections.CopyTo<String>.ImmutableArray(Size: 2048),1.00,0.99,1.02,
MicroBenchmarks.Serializers.Json_ToString<CollectionsOfPrimitives>.JsonNet_,1.00,0.99,0.98,
MicroBenchmarks.Serializers.Json_ToStream<CollectionsOfPrimitives>.JsonNet_,1.00,0.96,0.99,
MicroBenchmarks.Serializers.Json_ToStream<CollectionsOfPrimitives>.DataContractJsonSerializer_,1.00,1.03,1.15,
Benchstone.BenchF.BenchMrk.Test,1.00,1.00,1.02,
Benchstone.BenchI.Array1.Test,1.00,0.97,0.98,
BenchmarksGame.Fasta_2.RunBench,1.00,0.98,1.00,
BenchmarksGame.Mandelbrot_2.Bench(width: 4000; checksum: "C7-E6-66-43-66-73-F8-A8-D3-B4-D7-97-2F-FC-...,1.00,1.00,1.00,
System.MathBenchmarks.Double.Abs,1.00,1.01,0.95,
System.MathBenchmarks.Double.Acos,1.00,1.02,1.02,
System.MathBenchmarks.Double.Acosh,1.00,0.91,0.91,
System.MathBenchmarks.Double.Asin,1.00,0.95,0.96,
System.MathBenchmarks.Double.Asinh,1.00,0.99,0.99,
System.MathBenchmarks.Double.Atan2,1.00,1.01,0.97,
System.MathBenchmarks.Double.Atan,1.00,0.98,0.96,
System.MathBenchmarks.Double.Atanh,1.00,0.96,1.01,
System.MathBenchmarks.Double.Cbrt,1.00,0.99,1.05,
System.MathBenchmarks.Double.Ceiling,1.00,0.96,1.04,
System.MathBenchmarks.Double.Cos,1.00,1.02,1.05,
System.MathBenchmarks.Double.Cosh,1.00,0.97,1.00,
System.MathBenchmarks.Double.Exp,1.00,0.96,0.94,
System.MathBenchmarks.Double.Floor,1.00,0.92,0.97,
System.MathBenchmarks.Double.FusedMultiplyAdd,1.00,1.01,0.98,
System.MathBenchmarks.Double.ILogB,1.00,0.87,0.99,
System.MathBenchmarks.Double.Log10,1.00,0.93,0.94,
System.MathBenchmarks.Double.Log2,1.00,0.99,1.02,
System.MathBenchmarks.Double.Log,1.00,1.00,1.04,
System.MathBenchmarks.Double.Pow,1.00,0.99,1.04,
System.MathBenchmarks.Double.Round,1.00,1.01,1.01,
System.MathBenchmarks.Double.ScaleB,1.00,1.02,1.00,
System.MathBenchmarks.Double.Sin,1.00,1.01,1.03,
System.MathBenchmarks.Double.Sinh,1.00,0.93,0.96,
System.MathBenchmarks.Double.Sqrt,1.00,0.97,0.99,
System.MathBenchmarks.Double.Tan,1.00,0.97,0.95,
System.MathBenchmarks.Double.Tanh,1.00,1.00,0.96,
System.Globalization.Tests.StringEquality.Compare_Same(Count: 1024; Options: (; IgnoreCase)),1.00,1.04,1.00,
System.Globalization.Tests.StringEquality.Compare_Same_Upper(Count: 1024; Options: (; IgnoreCase)),1.00,0.99,1.00,
System.Globalization.Tests.StringEquality.Compare_DifferentFirstChar(Count: 1024; Options: (; Ignore...,1.00,1.03,1.04,
System.Globalization.Tests.StringEquality.Compare_Same(Count: 1024; Options: (; None)),1.00,1.01,1.01,
System.Globalization.Tests.StringEquality.Compare_Same_Upper(Count: 1024; Options: (; None)),1.00,1.04,1.00,
System.Globalization.Tests.StringEquality.Compare_DifferentFirstChar(Count: 1024; Options: (; None)),1.00,0.98,0.94,
System.Globalization.Tests.StringEquality.Compare_Same(Count: 1024; Options: (en-US; IgnoreCase)),1.00,0.99,1.03,
System.Globalization.Tests.StringEquality.Compare_Same_Upper(Count: 1024; Options: (en-US; IgnoreCas...,1.00,0.98,1.00,
System.Globalization.Tests.StringEquality.Compare_DifferentFirstChar(Count: 1024; Options: (en-US; I...,1.00,1.01,1.00,
System.Globalization.Tests.StringEquality.Compare_Same(Count: 1024; Options: (en-US; IgnoreNonSpace)...,1.00,0.99,1.00,
System.Globalization.Tests.StringEquality.Compare_Same_Upper(Count: 1024; Options: (en-US; IgnoreNon...,1.00,0.99,1.01,
System.Globalization.Tests.StringEquality.Compare_DifferentFirstChar(Count: 1024; Options: (en-US; I...,1.00,1.00,1.04,
System.Globalization.Tests.StringEquality.Compare_Same(Count: 1024; Options: (en-US; IgnoreSymbols)),1.00,1.05,1.00,
System.Globalization.Tests.StringEquality.Compare_Same_Upper(Count: 1024; Options: (en-US; IgnoreSym...,1.00,1.04,1.06,
System.Globalization.Tests.StringEquality.Compare_DifferentFirstChar(Count: 1024; Options: (en-US; I...,1.00,0.99,1.02,
System.Globalization.Tests.StringEquality.Compare_Same(Count: 1024; Options: (en-US; None)),1.00,1.00,1.01,
System.Globalization.Tests.StringEquality.Compare_Same_Upper(Count: 1024; Options: (en-US; None)),1.00,1.05,1.01,
System.Globalization.Tests.StringEquality.Compare_DifferentFirstChar(Count: 1024; Options: (en-US; N...,1.00,1.08,1.03,
System.Globalization.Tests.StringEquality.Compare_Same(Count: 1024; Options: (en-US; Ordinal)),1.00,0.99,1.00,
System.Globalization.Tests.StringEquality.Compare_Same_Upper(Count: 1024; Options: (en-US; Ordinal)),1.00,1.09,1.00,
System.Globalization.Tests.StringEquality.Compare_DifferentFirstChar(Count: 1024; Options: (en-US; O...,1.00,1.04,0.99,
System.Globalization.Tests.StringEquality.Compare_Same(Count: 1024; Options: (en-US; OrdinalIgnoreCa...,1.00,1.00,1.03,
System.Globalization.Tests.StringEquality.Compare_Same_Upper(Count: 1024; Options: (en-US; OrdinalIg...,1.00,0.77,0.96,
System.Globalization.Tests.StringEquality.Compare_DifferentFirstChar(Count: 1024; Options: (en-US; O...,1.00,1.02,0.98,
System.Globalization.Tests.StringEquality.Compare_Same(Count: 1024; Options: (pl-PL; None)),1.00,1.05,1.00,
System.Globalization.Tests.StringEquality.Compare_Same_Upper(Count: 1024; Options: (pl-PL; None)),1.00,0.92,0.95,
System.Globalization.Tests.StringEquality.Compare_DifferentFirstChar(Count: 1024; Options: (pl-PL; N...,1.00,1.06,1.00,
Inlining.InlineGCStruct.WithFormat,SMALL,SMALL,SMALL,
Inlining.InlineGCStruct.WithoutFormat,SMALL,SMALL,SMALL,
Benchstone.BenchI.TreeInsert.Test,1.00,1.05,1.00,
BenchmarksGame.KNucleotide_1.RunBench,1.00,1.00,1.03,
Benchstone.BenchI.BubbleSort2.Test,1.00,1.08,1.00,
MicroBenchmarks.Serializers.Json_FromString<Location>.JsonNet_,1.00,0.99,0.98,
MicroBenchmarks.Serializers.Xml_FromStream<XmlElement>.XmlSerializer_,1.00,0.96,0.96,
System.Memory.MemoryMarshal<Int32>.GetReference,SMALL,SMALL,SMALL,
System.Memory.MemoryMarshal<Int32>.AsBytes,SMALL,SMALL,SMALL,
System.Memory.MemoryMarshal<Int32>.CastToByte,1.00,1.02,0.95,
System.Memory.MemoryMarshal<Int32>.CastToInt,1.00,0.97,0.96,
System.Memory.MemoryMarshal<Int32>.TryGetArray,SMALL,SMALL,SMALL,
System.Memory.MemoryMarshal<Int32>.Read,SMALL,SMALL,SMALL,
PerfLabTests.GetMember.GetField,1.00,1.00,0.97,
PerfLabTests.GetMember.GetMethod1,1.00,1.03,1.01,
PerfLabTests.GetMember.GetMethod2,1.00,1.02,0.98,
PerfLabTests.GetMember.GetMethod3,1.00,0.98,1.00,
PerfLabTests.GetMember.GetMethod4,1.00,0.99,1.01,
PerfLabTests.GetMember.GetMethod5,1.00,1.04,1.05,
PerfLabTests.GetMember.GetMethod10,1.00,1.04,0.99,
PerfLabTests.GetMember.GetMethod12,1.00,1.02,0.99,
PerfLabTests.GetMember.GetMethod15,1.00,1.02,0.99,
PerfLabTests.GetMember.GetMethod20,1.00,1.02,0.99,
Benchstone.BenchF.NewtE.Test,1.00,1.00,1.02,
SciMark2.kernel.benchFFT,1.00,1.01,1.00,
SciMark2.kernel.benchSOR,1.00,1.00,1.00,
SciMark2.kernel.benchMonteCarlo,1.00,1.02,1.00,
SciMark2.kernel.benchSparseMult,1.00,1.02,1.04,
SciMark2.kernel.benchmarkLU,1.00,0.97,0.99,
Benchstone.BenchI.LogicArray.Test,1.00,1.02,1.00,
System.Collections.ContainsTrue<String>.ICollection(Size: 512),1.00,1.06,0.99,
BenchmarksGame.ReverseComplement_1.RunBench,1.00,0.99,1.06,
System.Threading.Tests.Perf_Interlocked.Increment_int,1.00,1.04,0.99,
System.Threading.Tests.Perf_Interlocked.Decrement_int,1.00,1.04,0.99,
System.Threading.Tests.Perf_Interlocked.Increment_long,1.00,0.99,0.99,
System.Threading.Tests.Perf_Interlocked.Decrement_long,1.00,0.99,1.03,
System.Threading.Tests.Perf_Interlocked.Add_int,1.00,0.94,0.94,
System.Threading.Tests.Perf_Interlocked.Add_long,1.00,0.99,0.99,
System.Threading.Tests.Perf_Interlocked.Exchange_int,1.00,1.03,1.00,
System.Threading.Tests.Perf_Interlocked.Exchange_long,1.00,0.99,0.99,
System.Threading.Tests.Perf_Interlocked.CompareExchange_int,1.00,1.00,0.99,
System.Threading.Tests.Perf_Interlocked.CompareExchange_long,1.00,1.03,1.01,
System.Threading.Tests.Perf_Interlocked.CompareExchange_object_Match,1.00,1.06,0.93,
System.Threading.Tests.Perf_Interlocked.CompareExchange_object_NoMatch,1.00,1.09,1.10,


ubuntu 18.04
Intel Xeon Gold 5120 CPU 2.20GHz